[23sept.2026 21:12:52.148] [main/INFO] [cpw.mods.modlauncher.Launcher/MODLAUNCHER]: ModLauncher running: args [--launchTarget, forgeclientuserdev, --version, MOD_DEV, --assetIndex, 1.19, --assetsDir, /home/satanas/.gradle/caches/forge_gradle/assets, --gameDir, ., --fml.forgeVersion, 43.3.0, --fml.mcVersion, 1.19.2, --fml.forgeGroup, net.minecraftforge, --fml.mcpVersion, 20220805.130853]
[23sept.2026 21:12:52.375] [main/INFO] [cpw.mods.modlauncher.Launcher/MODLAUNCHER]: ModLauncher 10.0.9+10.0.9+main.dcd20f30 starting: java version 17.0.19 by Arch Linux; OS Linux arch amd64 version 7.2.3-1-cachyos
[23sept.2026 21:12:52.442] [main/DEBUG] [cpw.mods.modlauncher.LaunchServiceHandler/MODLAUNCHER]: Found launch services [fmlclientdev,forgeclient,minecraft,forgegametestserverdev,fmlserveruserdev,fmlclient,fmldatauserdev,forgeserverdev,forgeserveruserdev,forgeclientdev,forgeclientuserdev,forgeserver,forgedatadev,fmlserver,fmlclientuserdev,fmlserverdev,forgedatauserdev,testharness,forgegametestserveruserdev]
[23sept.2026 21:12:52.484] [main/DEBUG] [cpw.mods.modlauncher.NameMappingServiceHandler/MODLAUNCHER]: Found naming services : [srgtomcp]
[23sept.2026 21:12:52.517] [main/DEBUG] [cpw.mods.modlauncher.LaunchPluginHandler/MODLAUNCHER]: Found launch plugins: [mixin,eventbus,slf4jfixer,object_holder_definalize,runtime_enum_extender,capability_token_subclass,accesstransformer,runtimedistcleaner]
[23sept.2026 21:12:52.531] [main/DEBUG] [cpw.mods.modlauncher.TransformationServicesHandler/MODLAUNCHER]: Discovering transformation services
[23sept.2026 21:12:52.544] [main/DEBUG] [cpw.mods.modlauncher.TransformationServicesHandler/MODLAUNCHER]: Found additional transformation services from discovery services: 
[23sept.2026 21:12:52.560] [main/DEBUG] [cpw.mods.modlauncher.TransformationServicesHandler/MODLAUNCHER]: Found transformer services : [mixin,fml]
[23sept.2026 21:12:52.562] [main/DEBUG] [cpw.mods.modlauncher.TransformationServicesHandler/MODLAUNCHER]: Transformation services loading
[23sept.2026 21:12:52.563] [main/DEBUG] [cpw.mods.modlauncher.TransformationServiceDecorator/MODLAUNCHER]: Loading service mixin
[23sept.2026 21:12:52.565] [main/DEBUG] [cpw.mods.modlauncher.TransformationServiceDecorator/MODLAUNCHER]: Loaded service mixin
[23sept.2026 21:12:52.566] [main/DEBUG] [cpw.mods.modlauncher.TransformationServiceDecorator/MODLAUNCHER]: Loading service fml
[23sept.2026 21:12:52.569] [main/DEBUG] [net.minecraftforge.fml.loading.LauncherVersion/CORE]: Found FMLLauncher version 1.0
[23sept.2026 21:12:52.569] [main/DEBUG] [net.minecraftforge.fml.loading.FMLLoader/CORE]: FML 1.0 loading
[23sept.2026 21:12:52.570] [main/DEBUG] [net.minecraftforge.fml.loading.FMLLoader/CORE]: FML found ModLauncher version : 10.0.9+10.0.9+main.dcd20f30
[23sept.2026 21:12:52.571] [main/DEBUG] [net.minecraftforge.fml.loading.FMLLoader/CORE]: FML found AccessTransformer version : 8.0.4+66+master.c09db6d7
[23sept.2026 21:12:52.572] [main/DEBUG] [net.minecraftforge.fml.loading.FMLLoader/CORE]: FML found EventBus version : 6.0.3+6.0.3+master.039e4ea9
[23sept.2026 21:12:52.573] [main/DEBUG] [net.minecraftforge.fml.loading.FMLLoader/CORE]: Found Runtime Dist Cleaner
[23sept.2026 21:12:52.576] [main/DEBUG] [net.minecraftforge.fml.loading.FMLLoader/CORE]: FML found CoreMod version : 5.0.1+15+master.dc5a2922
[23sept.2026 21:12:52.578] [main/DEBUG] [net.minecraftforge.fml.loading.FMLLoader/CORE]: Found ForgeSPI package implementation version 6.0.0+6.0.0+master.42474703
[23sept.2026 21:12:52.578] [main/DEBUG] [net.minecraftforge.fml.loading.FMLLoader/CORE]: Found ForgeSPI package specification 5
[23sept.2026 21:12:52.581] [main/DEBUG] [cpw.mods.modlauncher.TransformationServiceDecorator/MODLAUNCHER]: Loaded service fml
[23sept.2026 21:12:52.582] [main/DEBUG] [cpw.mods.modlauncher.TransformationServicesHandler/MODLAUNCHER]: Configuring option handling for services
[23sept.2026 21:12:52.589] [main/DEBUG] [cpw.mods.modlauncher.TransformationServicesHandler/MODLAUNCHER]: Transformation services initializing
[23sept.2026 21:12:52.590] [main/DEBUG] [cpw.mods.modlauncher.TransformationServiceDecorator/MODLAUNCHER]: Initializing transformation service mixin
[23sept.2026 21:12:52.613] [main/DEBUG] [mixin/]: MixinService [ModLauncher] was successfully booted in cpw.mods.cl.ModuleClassLoader@77be656f
[23sept.2026 21:12:52.648] [main/INFO] [mixin/]: SpongePowered MIXIN Subsystem Version=0.8.5 Source=union:/home/satanas/.gradle/caches/modules-2/files-2.1/org.spongepowered/mixin/0.8.5/9d1c0c3a304ae6697ecd477218fa61b850bf57fc/mixin-0.8.5.jar%23114!/ Service=ModLauncher Env=CLIENT
[23sept.2026 21:12:52.662] [main/DEBUG] [mixin/]: Initialising Mixin Platform Manager
[23sept.2026 21:12:52.663] [main/DEBUG] [mixin/]: Adding mixin platform agents for container ModLauncher Root Container(ModLauncher:4f56a0a2)
[23sept.2026 21:12:52.665] [main/DEBUG] [mixin/]: Instancing new MixinPlatformAgentMinecraftForge for ModLauncher Root Container(ModLauncher:4f56a0a2)
[23sept.2026 21:12:52.666] [main/DEBUG] [mixin/]: MixinPlatformAgentMinecraftForge rejected container ModLauncher Root Container(ModLauncher:4f56a0a2)
[23sept.2026 21:12:52.669] [main/DEBUG] [mixin/]: Instancing new MixinPlatformAgentDefault for ModLauncher Root Container(ModLauncher:4f56a0a2)
[23sept.2026 21:12:52.669] [main/DEBUG] [mixin/]: MixinPlatformAgentDefault accepted container ModLauncher Root Container(ModLauncher:4f56a0a2)
[23sept.2026 21:12:52.676] [main/DEBUG] [cpw.mods.modlauncher.TransformationServiceDecorator/MODLAUNCHER]: Initialized transformation service mixin
[23sept.2026 21:12:52.677] [main/DEBUG] [cpw.mods.modlauncher.TransformationServiceDecorator/MODLAUNCHER]: Initializing transformation service fml
[23sept.2026 21:12:52.677] [main/DEBUG] [net.minecraftforge.fml.loading.FMLServiceProvider/CORE]: Setting up basic FML game directories
[23sept.2026 21:12:52.680] [main/DEBUG] [net.minecraftforge.fml.loading.FileUtils/CORE]: Found existing GAMEDIR directory : /run/media/satanas/data/codage-new/mods/mc/forge/1.19.2/cheat/run
[23sept.2026 21:12:52.681] [main/DEBUG] [net.minecraftforge.fml.loading.FMLPaths/CORE]: Path GAMEDIR is /run/media/satanas/data/codage-new/mods/mc/forge/1.19.2/cheat/run
[23sept.2026 21:12:52.682] [main/DEBUG] [net.minecraftforge.fml.loading.FileUtils/CORE]: Found existing MODSDIR directory : /run/media/satanas/data/codage-new/mods/mc/forge/1.19.2/cheat/run/mods
[23sept.2026 21:12:52.683] [main/DEBUG] [net.minecraftforge.fml.loading.FMLPaths/CORE]: Path MODSDIR is /run/media/satanas/data/codage-new/mods/mc/forge/1.19.2/cheat/run/mods
[23sept.2026 21:12:52.684] [main/DEBUG] [net.minecraftforge.fml.loading.FileUtils/CORE]: Found existing CONFIGDIR directory : /run/media/satanas/data/codage-new/mods/mc/forge/1.19.2/cheat/run/config
[23sept.2026 21:12:52.686] [main/DEBUG] [net.minecraftforge.fml.loading.FMLPaths/CORE]: Path CONFIGDIR is /run/media/satanas/data/codage-new/mods/mc/forge/1.19.2/cheat/run/config
[23sept.2026 21:12:52.687] [main/DEBUG] [net.minecraftforge.fml.loading.FMLPaths/CORE]: Path FMLCONFIG is /run/media/satanas/data/codage-new/mods/mc/forge/1.19.2/cheat/run/config/fml.toml
[23sept.2026 21:12:52.689] [main/DEBUG] [net.minecraftforge.fml.loading.FMLServiceProvider/CORE]: Loading configuration
[23sept.2026 21:12:52.795] [main/DEBUG] [net.minecraftforge.fml.loading.FileUtils/CORE]: Found existing default config directory directory : /run/media/satanas/data/codage-new/mods/mc/forge/1.19.2/cheat/run/defaultconfigs
[23sept.2026 21:12:52.796] [main/DEBUG] [net.minecraftforge.fml.loading.FMLServiceProvider/CORE]: Preparing ModFile
[23sept.2026 21:12:52.804] [main/DEBUG] [net.minecraftforge.fml.loading.FMLServiceProvider/CORE]: Preparing launch handler
[23sept.2026 21:12:52.806] [main/DEBUG] [net.minecraftforge.fml.loading.FMLLoader/CORE]: Using forgeclientuserdev as launch service
[23sept.2026 21:12:52.830] [main/DEBUG] [net.minecraftforge.fml.loading.FMLLoader/CORE]: Received command line version data  : VersionInfo[forgeVersion=43.3.0, mcVersion=1.19.2, mcpVersion=20220805.130853, forgeGroup=net.minecraftforge]
[23sept.2026 21:12:52.832] [main/DEBUG] [cpw.mods.modlauncher.TransformationServiceDecorator/MODLAUNCHER]: Initialized transformation service fml
[23sept.2026 21:12:52.834] [main/DEBUG] [cpw.mods.modlauncher.NameMappingServiceHandler/MODLAUNCHER]: Current naming domain is 'mcp'
[23sept.2026 21:12:52.836] [main/DEBUG] [cpw.mods.modlauncher.NameMappingServiceHandler/MODLAUNCHER]: Identified name mapping providers {srg=srgtomcp:1234}
[23sept.2026 21:12:52.837] [main/DEBUG] [cpw.mods.modlauncher.TransformationServicesHandler/MODLAUNCHER]: Transformation services begin scanning
[23sept.2026 21:12:52.843] [main/DEBUG] [cpw.mods.modlauncher.TransformationServiceDecorator/MODLAUNCHER]: Beginning scan trigger - transformation service mixin
[23sept.2026 21:12:52.844] [main/DEBUG] [cpw.mods.modlauncher.TransformationServiceDecorator/MODLAUNCHER]: End scan trigger - transformation service mixin
[23sept.2026 21:12:52.846] [main/DEBUG] [cpw.mods.modlauncher.TransformationServiceDecorator/MODLAUNCHER]: Beginning scan trigger - transformation service fml
[23sept.2026 21:12:52.848] [main/DEBUG] [net.minecraftforge.fml.loading.FMLServiceProvider/CORE]: Initiating mod scan
[23sept.2026 21:12:52.866] [main/DEBUG] [net.minecraftforge.fml.loading.moddiscovery.ModListHandler/CORE]: Found mod coordinates from lists: []
[23sept.2026 21:12:52.873] [main/DEBUG] [net.minecraftforge.fml.loading.moddiscovery.ModDiscoverer/CORE]: Found Mod Locators : (mods folder:null),(maven libs:null),(exploded directory:null),(minecraft:null),(userdev classpath:null)
[23sept.2026 21:12:52.875] [main/DEBUG] [net.minecraftforge.fml.loading.moddiscovery.ModDiscoverer/CORE]: Found Dependency Locators : (JarInJar:null)
[23sept.2026 21:12:52.887] [main/DEBUG] [net.minecraftforge.fml.loading.targets.CommonLaunchHandler/CORE]: Got mod coordinates cheat%%/run/media/satanas/data/codage-new/mods/mc/forge/1.19.2/cheat/build/resources/main:cheat%%/run/media/satanas/data/codage-new/mods/mc/forge/1.19.2/cheat/build/classes/java/main from env
[23sept.2026 21:12:52.893] [main/DEBUG] [net.minecraftforge.fml.loading.targets.CommonLaunchHandler/CORE]: Found supplied mod coordinates [{cheat=[/run/media/satanas/data/codage-new/mods/mc/forge/1.19.2/cheat/build/resources/main, /run/media/satanas/data/codage-new/mods/mc/forge/1.19.2/cheat/build/classes/java/main]}]
[23sept.2026 21:12:53.271] [main/DEBUG] [net.minecraftforge.fml.loading.moddiscovery.ModFileInfo/LOADING]: Found valid mod file forge-1.19.2-43.3.0_mapped_official_1.19.2.jar with {minecraft} mods - versions {1.19.2}
[23sept.2026 21:12:53.276] [main/DEBUG] [net.minecraftforge.fml.loading.moddiscovery.ModFileParser/LOADING]: Considering mod file candidate /home/satanas/.gradle/caches/modules-2/files-2.1/net.minecraftforge/javafmllanguage/1.19.2-43.3.0/2edd99fb09dd01b6487188e8da2ce4b034d79217/javafmllanguage-1.19.2-43.3.0.jar
[23sept.2026 21:12:53.276] [main/WARN] [net.minecraftforge.fml.loading.moddiscovery.ModFileParser/LOADING]: Mod file /home/satanas/.gradle/caches/modules-2/files-2.1/net.minecraftforge/javafmllanguage/1.19.2-43.3.0/2edd99fb09dd01b6487188e8da2ce4b034d79217/javafmllanguage-1.19.2-43.3.0.jar is missing mods.toml file
[23sept.2026 21:12:53.279] [main/DEBUG] [net.minecraftforge.fml.loading.moddiscovery.ModFileParser/LOADING]: Considering mod file candidate /home/satanas/.gradle/caches/modules-2/files-2.1/net.minecraftforge/lowcodelanguage/1.19.2-43.3.0/5facdae56496bfc1ea0e1dbe1385463d7aa7bc69/lowcodelanguage-1.19.2-43.3.0.jar
[23sept.2026 21:12:53.280] [main/WARN] [net.minecraftforge.fml.loading.moddiscovery.ModFileParser/LOADING]: Mod file /home/satanas/.gradle/caches/modules-2/files-2.1/net.minecraftforge/lowcodelanguage/1.19.2-43.3.0/5facdae56496bfc1ea0e1dbe1385463d7aa7bc69/lowcodelanguage-1.19.2-43.3.0.jar is missing mods.toml file
[23sept.2026 21:12:53.283] [main/DEBUG] [net.minecraftforge.fml.loading.moddiscovery.ModFileParser/LOADING]: Considering mod file candidate /home/satanas/.gradle/caches/modules-2/files-2.1/net.minecraftforge/mclanguage/1.19.2-43.3.0/3da09fccf425982d55412b36aaffe711fcff8740/mclanguage-1.19.2-43.3.0.jar
[23sept.2026 21:12:53.286] [main/WARN] [net.minecraftforge.fml.loading.moddiscovery.ModFileParser/LOADING]: Mod file /home/satanas/.gradle/caches/modules-2/files-2.1/net.minecraftforge/mclanguage/1.19.2-43.3.0/3da09fccf425982d55412b36aaffe711fcff8740/mclanguage-1.19.2-43.3.0.jar is missing mods.toml file
[23sept.2026 21:12:53.290] [main/DEBUG] [net.minecraftforge.fml.loading.moddiscovery.ModFileParser/LOADING]: Considering mod file candidate /home/satanas/.gradle/caches/modules-2/files-2.1/net.minecraftforge/fmlcore/1.19.2-43.3.0/5db2801308d3c89c8ef4750f3d8a402a8d3a7522/fmlcore-1.19.2-43.3.0.jar
[23sept.2026 21:12:53.291] [main/WARN] [net.minecraftforge.fml.loading.moddiscovery.ModFileParser/LOADING]: Mod file /home/satanas/.gradle/caches/modules-2/files-2.1/net.minecraftforge/fmlcore/1.19.2-43.3.0/5db2801308d3c89c8ef4750f3d8a402a8d3a7522/fmlcore-1.19.2-43.3.0.jar is missing mods.toml file
[23sept.2026 21:12:53.303] [main/DEBUG] [net.minecraftforge.fml.loading.moddiscovery.ModFileParser/LOADING]: Considering mod file candidate /run/media/satanas/data/codage-new/mods/mc/forge/1.19.2/cheat/build/resources/main
[23sept.2026 21:12:53.325] [main/DEBUG] [net.minecraftforge.fml.loading.moddiscovery.ModFileInfo/LOADING]: Found valid mod file main with {cheat} mods - versions {0.0NONE}
[23sept.2026 21:12:53.328] [main/DEBUG] [net.minecraftforge.fml.loading.moddiscovery.ModFileParser/LOADING]: Considering mod file candidate /
[23sept.2026 21:12:53.331] [main/DEBUG] [net.minecraftforge.fml.loading.moddiscovery.ModFileInfo/LOADING]: Found valid mod file  with {forge} mods - versions {43.3.0}
[23sept.2026 21:12:53.368] [main/DEBUG] [net.minecraftforge.fml.loading.moddiscovery.AbstractJarFileDependencyLocator/]: Failed to load resource META-INF/jarjar/metadata.json from main, it does not contain dependency information.
[23sept.2026 21:12:53.369] [main/DEBUG] [net.minecraftforge.fml.loading.moddiscovery.AbstractJarFileDependencyLocator/]: Failed to load resource META-INF/jarjar/metadata.json from forge-1.19.2-43.3.0_mapped_official_1.19.2.jar, it does not contain dependency information.
[23sept.2026 21:12:53.371] [main/DEBUG] [net.minecraftforge.fml.loading.moddiscovery.AbstractJarFileDependencyLocator/]: Failed to load resource META-INF/jarjar/metadata.json from , it does not contain dependency information.
[23sept.2026 21:12:53.372] [main/DEBUG] [net.minecraftforge.fml.loading.moddiscovery.AbstractJarFileDependencyLocator/]: Failed to load resource META-INF/jarjar/metadata.json from mclanguage-1.19.2-43.3.0.jar, it does not contain dependency information.
[23sept.2026 21:12:53.373] [main/DEBUG] [net.minecraftforge.fml.loading.moddiscovery.AbstractJarFileDependencyLocator/]: Failed to load resource META-INF/jarjar/metadata.json from javafmllanguage-1.19.2-43.3.0.jar, it does not contain dependency information.
[23sept.2026 21:12:53.374] [main/DEBUG] [net.minecraftforge.fml.loading.moddiscovery.AbstractJarFileDependencyLocator/]: Failed to load resource META-INF/jarjar/metadata.json from fmlcore-1.19.2-43.3.0.jar, it does not contain dependency information.
[23sept.2026 21:12:53.375] [main/DEBUG] [net.minecraftforge.fml.loading.moddiscovery.AbstractJarFileDependencyLocator/]: Failed to load resource META-INF/jarjar/metadata.json from lowcodelanguage-1.19.2-43.3.0.jar, it does not contain dependency information.
[23sept.2026 21:12:53.436] [main/INFO] [net.minecraftforge.fml.loading.moddiscovery.JarInJarDependencyLocator/]: No dependencies to load found. Skipping!
[23sept.2026 21:12:53.445] [main/DEBUG] [net.minecraftforge.fml.loading.moddiscovery.ModFileInfo/LOADING]: Found valid mod file forge-1.19.2-43.3.0_mapped_official_1.19.2.jar with {minecraft} mods - versions {1.19.2}
[23sept.2026 21:12:53.454] [main/DEBUG] [net.minecraftforge.fml.loading.moddiscovery.ModFile/LOADING]: Loading mod file /home/satanas/.gradle/caches/forge_gradle/minecraft_user_repo/net/minecraftforge/forge/1.19.2-43.3.0_mapped_official_1.19.2/forge-1.19.2-43.3.0_mapped_official_1.19.2.jar with languages [LanguageSpec[languageName=minecraft, acceptedVersions=1]]
[23sept.2026 21:12:53.456] [main/DEBUG] [net.minecraftforge.fml.loading.moddiscovery.ModFileParser/LOADING]: Considering mod file candidate /run/media/satanas/data/codage-new/mods/mc/forge/1.19.2/cheat/build/resources/main
[23sept.2026 21:12:53.461] [main/DEBUG] [net.minecraftforge.fml.loading.moddiscovery.ModFileInfo/LOADING]: Found valid mod file main with {cheat} mods - versions {0.0NONE}
[23sept.2026 21:12:53.462] [main/DEBUG] [net.minecraftforge.fml.loading.moddiscovery.ModFile/LOADING]: Loading mod file /run/media/satanas/data/codage-new/mods/mc/forge/1.19.2/cheat/build/resources/main with languages [LanguageSpec[languageName=javafml, acceptedVersions=[43,)]]
[23sept.2026 21:12:53.463] [main/DEBUG] [net.minecraftforge.fml.loading.moddiscovery.ModFileParser/LOADING]: Considering mod file candidate /
[23sept.2026 21:12:53.465] [main/DEBUG] [net.minecraftforge.fml.loading.moddiscovery.ModFileInfo/LOADING]: Found valid mod file  with {forge} mods - versions {43.3.0}
[23sept.2026 21:12:53.467] [main/DEBUG] [net.minecraftforge.fml.loading.moddiscovery.ModFile/LOADING]: Loading mod file / with languages [LanguageSpec[languageName=javafml, acceptedVersions=[24,]]]
[23sept.2026 21:12:53.545] [main/DEBUG] [net.minecraftforge.fml.loading.moddiscovery.ModFileParser/LOADING]: Found coremod field_to_method with Javascript path coremods/field_to_method.js
[23sept.2026 21:12:53.545] [main/DEBUG] [net.minecraftforge.fml.loading.moddiscovery.ModFileParser/LOADING]: Found coremod field_to_instanceof with Javascript path coremods/field_to_instanceof.js
[23sept.2026 21:12:53.546] [main/DEBUG] [net.minecraftforge.fml.loading.moddiscovery.ModFileParser/LOADING]: Found coremod add_bouncer_method with Javascript path coremods/add_bouncer_method.js
[23sept.2026 21:12:53.546] [main/DEBUG] [net.minecraftforge.fml.loading.moddiscovery.ModFile/LOADING]: Found coremod coremods/field_to_method.js
[23sept.2026 21:12:53.546] [main/DEBUG] [net.minecraftforge.fml.loading.moddiscovery.ModFile/LOADING]: Found coremod coremods/field_to_instanceof.js
[23sept.2026 21:12:53.546] [main/DEBUG] [net.minecraftforge.fml.loading.moddiscovery.ModFile/LOADING]: Found coremod coremods/add_bouncer_method.js
[23sept.2026 21:12:53.548] [main/DEBUG] [cpw.mods.modlauncher.TransformationServiceDecorator/MODLAUNCHER]: End scan trigger - transformation service fml
[23sept.2026 21:12:53.570] [main/DEBUG] [net.minecraftforge.fml.loading.LanguageLoadingProvider/CORE]: Found 3 language providers
[23sept.2026 21:12:53.571] [main/DEBUG] [net.minecraftforge.fml.loading.LanguageLoadingProvider/CORE]: Found language provider minecraft, version 1.0
[23sept.2026 21:12:53.573] [main/DEBUG] [net.minecraftforge.fml.loading.LanguageLoadingProvider/CORE]: Found language provider lowcodefml, version 43
[23sept.2026 21:12:53.573] [main/DEBUG] [net.minecraftforge.fml.loading.LanguageLoadingProvider/CORE]: Found language provider javafml, version 43
[23sept.2026 21:12:53.580] [main/DEBUG] [net.minecraftforge.fml.loading.ModSorter/]: Configured system mods: [minecraft, forge]
[23sept.2026 21:12:53.582] [main/DEBUG] [net.minecraftforge.fml.loading.ModSorter/]: Found system mod: minecraft
[23sept.2026 21:12:53.582] [main/DEBUG] [net.minecraftforge.fml.loading.ModSorter/]: Found system mod: forge
[23sept.2026 21:12:53.584] [main/DEBUG] [net.minecraftforge.fml.loading.ModSorter/LOADING]: Found 2 mod requirements (2 mandatory, 0 optional)
[23sept.2026 21:12:53.585] [main/DEBUG] [net.minecraftforge.fml.loading.ModSorter/LOADING]: Found 0 mod requirements missing (0 mandatory, 0 optional)
[23sept.2026 21:12:54.469] [main/DEBUG] [net.minecraftforge.fml.loading.MCPNamingService/CORE]: Loaded 30289 method mappings from methods.csv
[23sept.2026 21:12:54.515] [main/DEBUG] [net.minecraftforge.fml.loading.MCPNamingService/CORE]: Loaded 28897 field mappings from fields.csv
[23sept.2026 21:12:54.613] [main/DEBUG] [cpw.mods.modlauncher.TransformationServicesHandler/MODLAUNCHER]: Transformation services loading transformers
[23sept.2026 21:12:54.615] [main/DEBUG] [cpw.mods.modlauncher.TransformationServiceDecorator/MODLAUNCHER]: Initializing transformers for transformation service mixin
[23sept.2026 21:12:54.618] [main/DEBUG] [cpw.mods.modlauncher.TransformationServiceDecorator/MODLAUNCHER]: Initialized transformers for transformation service mixin
[23sept.2026 21:12:54.619] [main/DEBUG] [cpw.mods.modlauncher.TransformationServiceDecorator/MODLAUNCHER]: Initializing transformers for transformation service fml
[23sept.2026 21:12:54.621] [main/DEBUG] [net.minecraftforge.fml.loading.FMLServiceProvider/CORE]: Loading coremod transformers
[23sept.2026 21:12:54.621] [main/DEBUG] [net.minecraftforge.coremod.CoreModEngine/COREMOD]: Loading CoreMod from coremods/field_to_method.js
[23sept.2026 21:12:55.063] [main/DEBUG] [net.minecraftforge.coremod.CoreModEngine/COREMOD]: CoreMod loaded successfully
[23sept.2026 21:12:55.063] [main/DEBUG] [net.minecraftforge.coremod.CoreModEngine/COREMOD]: Loading CoreMod from coremods/field_to_instanceof.js
[23sept.2026 21:12:55.177] [main/DEBUG] [net.minecraftforge.coremod.CoreModEngine/COREMOD]: CoreMod loaded successfully
[23sept.2026 21:12:55.178] [main/DEBUG] [net.minecraftforge.coremod.CoreModEngine/COREMOD]: Loading CoreMod from coremods/add_bouncer_method.js
[23sept.2026 21:12:55.253] [main/DEBUG] [net.minecraftforge.coremod.CoreModEngine/COREMOD]: CoreMod loaded successfully
[23sept.2026 21:12:55.261] [main/DEBUG] [cpw.mods.modlauncher.TransformStore/MODLAUNCHER]: Adding transformer net.minecraftforge.coremod.transformer.CoreModClassTransformer@dc4a691 to Target : CLASS {Lnet/minecraft/world/level/biome/Biome;} {} {V}
[23sept.2026 21:12:55.262] [main/DEBUG] [cpw.mods.modlauncher.TransformStore/MODLAUNCHER]: Adding transformer net.minecraftforge.coremod.transformer.CoreModClassTransformer@42b84286 to Target : CLASS {Lnet/minecraft/world/level/levelgen/structure/Structure;} {} {V}
[23sept.2026 21:12:55.262] [main/DEBUG] [cpw.mods.modlauncher.TransformStore/MODLAUNCHER]: Adding transformer net.minecraftforge.coremod.transformer.CoreModClassTransformer@443effcb to Target : CLASS {Lnet/minecraft/world/effect/MobEffectInstance;} {} {V}
[23sept.2026 21:12:55.263] [main/DEBUG] [cpw.mods.modlauncher.TransformStore/MODLAUNCHER]: Adding transformer net.minecraftforge.coremod.transformer.CoreModClassTransformer@74ecacc3 to Target : CLASS {Lnet/minecraft/world/level/block/LiquidBlock;} {} {V}
[23sept.2026 21:12:55.263] [main/DEBUG] [cpw.mods.modlauncher.TransformStore/MODLAUNCHER]: Adding transformer net.minecraftforge.coremod.transformer.CoreModClassTransformer@517a2b0 to Target : CLASS {Lnet/minecraft/world/item/BucketItem;} {} {V}
[23sept.2026 21:12:55.263] [main/DEBUG] [cpw.mods.modlauncher.TransformStore/MODLAUNCHER]: Adding transformer net.minecraftforge.coremod.transformer.CoreModClassTransformer@53b7ce6 to Target : CLASS {Lnet/minecraft/world/level/block/StairBlock;} {} {V}
[23sept.2026 21:12:55.264] [main/DEBUG] [cpw.mods.modlauncher.TransformStore/MODLAUNCHER]: Adding transformer net.minecraftforge.coremod.transformer.CoreModClassTransformer@36480b2d to Target : CLASS {Lnet/minecraft/world/level/block/FlowerPotBlock;} {} {V}
[23sept.2026 21:12:55.264] [main/DEBUG] [cpw.mods.modlauncher.TransformStore/MODLAUNCHER]: Adding transformer net.minecraftforge.coremod.transformer.CoreModClassTransformer@27d33393 to Target : CLASS {Lnet/minecraft/world/item/ItemStack;} {} {V}
[23sept.2026 21:12:55.264] [main/DEBUG] [cpw.mods.modlauncher.TransformStore/MODLAUNCHER]: Adding transformer net.minecraftforge.coremod.transformer.CoreModClassTransformer@1f6917fb to Target : CLASS {Lnet/minecraft/network/play/client/CClientSettingsPacket;} {} {V}
[23sept.2026 21:12:55.264] [main/DEBUG] [cpw.mods.modlauncher.TransformationServiceDecorator/MODLAUNCHER]: Initialized transformers for transformation service fml
[23sept.2026 21:12:55.951] [main/DEBUG] [mixin/]: Processing prepare() for PlatformAgent[MixinPlatformAgentDefault:ModLauncher Root Container(ModLauncher:4f56a0a2)]
[23sept.2026 21:12:55.952] [main/DEBUG] [mixin/]: Processing launch tasks for PlatformAgent[MixinPlatformAgentDefault:ModLauncher Root Container(ModLauncher:4f56a0a2)]
[23sept.2026 21:12:55.954] [main/DEBUG] [mixin/]: Adding mixin platform agents for container SecureJarResource(minecraft)
[23sept.2026 21:12:55.956] [main/DEBUG] [mixin/]: Instancing new MixinPlatformAgentMinecraftForge for SecureJarResource(minecraft)
[23sept.2026 21:12:55.957] [main/DEBUG] [mixin/]: MixinPlatformAgentMinecraftForge rejected container SecureJarResource(minecraft)
[23sept.2026 21:12:55.957] [main/DEBUG] [mixin/]: Instancing new MixinPlatformAgentDefault for SecureJarResource(minecraft)
[23sept.2026 21:12:55.958] [main/DEBUG] [mixin/]: MixinPlatformAgentDefault accepted container SecureJarResource(minecraft)
[23sept.2026 21:12:55.958] [main/DEBUG] [mixin/]: Processing prepare() for PlatformAgent[MixinPlatformAgentDefault:SecureJarResource(minecraft)]
[23sept.2026 21:12:55.959] [main/DEBUG] [mixin/]: Adding mixin platform agents for container SecureJarResource(cheat)
[23sept.2026 21:12:55.960] [main/DEBUG] [mixin/]: Instancing new MixinPlatformAgentMinecraftForge for SecureJarResource(cheat)
[23sept.2026 21:12:55.961] [main/DEBUG] [mixin/]: MixinPlatformAgentMinecraftForge rejected container SecureJarResource(cheat)
[23sept.2026 21:12:55.961] [main/DEBUG] [mixin/]: Instancing new MixinPlatformAgentDefault for SecureJarResource(cheat)
[23sept.2026 21:12:55.961] [main/DEBUG] [mixin/]: MixinPlatformAgentDefault accepted container SecureJarResource(cheat)
[23sept.2026 21:12:55.962] [main/DEBUG] [mixin/]: Processing prepare() for PlatformAgent[MixinPlatformAgentDefault:SecureJarResource(cheat)]
[23sept.2026 21:12:55.963] [main/DEBUG] [mixin/]: Adding mixin platform agents for container SecureJarResource(forge)
[23sept.2026 21:12:55.963] [main/DEBUG] [mixin/]: Instancing new MixinPlatformAgentMinecraftForge for SecureJarResource(forge)
[23sept.2026 21:12:55.963] [main/DEBUG] [mixin/]: MixinPlatformAgentMinecraftForge rejected container SecureJarResource(forge)
[23sept.2026 21:12:55.964] [main/DEBUG] [mixin/]: Instancing new MixinPlatformAgentDefault for SecureJarResource(forge)
[23sept.2026 21:12:55.965] [main/DEBUG] [mixin/]: MixinPlatformAgentDefault accepted container SecureJarResource(forge)
[23sept.2026 21:12:55.966] [main/DEBUG] [mixin/]: Processing prepare() for PlatformAgent[MixinPlatformAgentDefault:SecureJarResource(forge)]
[23sept.2026 21:12:55.966] [main/DEBUG] [mixin/]: inject() running with 4 agents
[23sept.2026 21:12:55.969] [main/DEBUG] [mixin/]: Processing inject() for PlatformAgent[MixinPlatformAgentDefault:ModLauncher Root Container(ModLauncher:4f56a0a2)]
[23sept.2026 21:12:55.971] [main/DEBUG] [mixin/]: Processing inject() for PlatformAgent[MixinPlatformAgentDefault:SecureJarResource(minecraft)]
[23sept.2026 21:12:55.971] [main/DEBUG] [mixin/]: Processing inject() for PlatformAgent[MixinPlatformAgentDefault:SecureJarResource(cheat)]
[23sept.2026 21:12:55.971] [main/DEBUG] [mixin/]: Processing inject() for PlatformAgent[MixinPlatformAgentDefault:SecureJarResource(forge)]
[23sept.2026 21:12:55.973] [main/INFO] [cpw.mods.modlauncher.LaunchServiceHandler/MODLAUNCHER]: Launching target 'forgeclientuserdev' with arguments [--version, MOD_DEV, --gameDir, ., --assetsDir, /home/satanas/.gradle/caches/forge_gradle/assets, --assetIndex, 1.19]
[23sept.2026 21:12:56.078] [main/DEBUG] [mixin/]: Error cleaning class output directory: .mixin.out
[23sept.2026 21:12:56.081] [main/DEBUG] [mixin/]: Preparing mixins for MixinEnvironment[DEFAULT]
[23sept.2026 21:12:56.137] [main/DEBUG] [io.netty.util.internal.logging.InternalLoggerFactory/]: Using SLF4J as the default logging framework
[23sept.2026 21:12:56.144] [main/DEBUG] [io.netty.util.ResourceLeakDetector/]: -Dio.netty.leakDetection.level: simple
[23sept.2026 21:12:56.145] [main/DEBUG] [io.netty.util.ResourceLeakDetector/]: -Dio.netty.leakDetection.targetRecords: 4
[23sept.2026 21:12:56.472] [main/DEBUG] [oshi.util.FileUtil/]: No oshi.properties file found from ClassLoader cpw.mods.modlauncher.TransformingClassLoader@44f24a20
[23sept.2026 21:12:56.487] [main/DEBUG] [oshi.util.FileUtil/]: Reading file /proc/cpuinfo
[23sept.2026 21:12:56.488] [main/DEBUG] [oshi.util.FileUtil/]: Reading file /proc/cpuinfo
[23sept.2026 21:12:56.504] [main/DEBUG] [oshi.util.FileUtil/]: No oshi.architecture.properties file found from ClassLoader cpw.mods.modlauncher.TransformingClassLoader@44f24a20
[23sept.2026 21:12:56.660] [main/DEBUG] [oshi.util.FileUtil/]: Reading file /proc/meminfo
[23sept.2026 21:12:56.663] [main/DEBUG] [oshi.util.FileUtil/]: Reading file /proc/meminfo
[23sept.2026 21:12:57.361] [pool-3-thread-1/DEBUG] [net.minecraftforge.coremod.transformer.CoreModBaseTransformer/COREMOD]: Transforming net/minecraft/world/level/levelgen/structure/Structure
[23sept.2026 21:12:57.616] [pool-3-thread-1/DEBUG] [net.minecraftforge.coremod.transformer.CoreModBaseTransformer/COREMOD]: Transforming net/minecraft/world/level/block/LiquidBlock
[23sept.2026 21:12:57.708] [pool-3-thread-1/DEBUG] [net.minecraftforge.coremod.transformer.CoreModBaseTransformer/COREMOD]: Transforming net/minecraft/world/level/block/StairBlock
[23sept.2026 21:12:57.813] [pool-3-thread-1/DEBUG] [net.minecraftforge.coremod.transformer.CoreModBaseTransformer/COREMOD]: Transforming net/minecraft/world/level/block/FlowerPotBlock
[23sept.2026 21:12:59.269] [pool-3-thread-1/DEBUG] [net.minecraftforge.coremod.transformer.CoreModBaseTransformer/COREMOD]: Transforming net/minecraft/world/item/ItemStack
[23sept.2026 21:13:01.358] [pool-3-thread-1/INFO] [net.minecraft.util.datafix.DataFixers/]: Building unoptimized datafixer
[23sept.2026 21:13:02.355] [pool-3-thread-1/DEBUG] [net.minecraftforge.coremod.transformer.CoreModBaseTransformer/COREMOD]: Transforming net/minecraft/world/level/biome/Biome
[23sept.2026 21:13:03.001] [pool-3-thread-1/DEBUG] [net.minecraftforge.coremod.transformer.CoreModBaseTransformer/COREMOD]: Transforming net/minecraft/world/item/BucketItem
[23sept.2026 21:13:03.128] [pool-3-thread-1/DEBUG] [net.minecraftforge.coremod.transformer.CoreModBaseTransformer/COREMOD]: Transforming net/minecraft/world/effect/MobEffectInstance
[23sept.2026 21:13:04.100] [Render thread/WARN] [net.minecraft.server.packs.VanillaPackResources/]: Assets URL 'union:/home/satanas/.gradle/caches/forge_gradle/minecraft_user_repo/net/minecraftforge/forge/1.19.2-43.3.0_mapped_official_1.19.2/forge-1.19.2-43.3.0_mapped_official_1.19.2.jar%23178!/assets/.mcassetsroot' uses unexpected schema
[23sept.2026 21:13:04.101] [Render thread/WARN] [net.minecraft.server.packs.VanillaPackResources/]: Assets URL 'union:/home/satanas/.gradle/caches/forge_gradle/minecraft_user_repo/net/minecraftforge/forge/1.19.2-43.3.0_mapped_official_1.19.2/forge-1.19.2-43.3.0_mapped_official_1.19.2.jar%23178!/data/.mcassetsroot' uses unexpected schema
[23sept.2026 21:13:04.124] [Render thread/INFO] [com.mojang.authlib.yggdrasil.YggdrasilAuthenticationService/]: Environment: authHost='https://authserver.mojang.com', accountsHost='https://api.mojang.com', sessionHost='https://sessionserver.mojang.com', servicesHost='https://api.minecraftservices.com', name='PROD'
[23sept.2026 21:13:04.135] [Render thread/INFO] [net.minecraft.client.Minecraft/]: Setting user: Dev
[23sept.2026 21:13:04.364] [Render thread/INFO] [net.minecraft.client.Minecraft/]: Backend library: LWJGL version 3.3.1 build 7
[23sept.2026 21:13:04.723] [Render thread/DEBUG] [oshi.util.FileUtil/]: Reading file /proc/cpuinfo
[23sept.2026 21:13:04.724] [Render thread/DEBUG] [oshi.util.FileUtil/]: Reading file /proc/cpuinfo
[23sept.2026 21:13:04.855] [Render thread/DEBUG] [net.minecraftforge.common.ForgeI18n/CORE]: Loading I18N data entries: 5642
[23sept.2026 21:13:04.877] [Render thread/DEBUG] [net.minecraftforge.fml.ModWorkManager/LOADING]: Using 4 threads for parallel mod-loading
[23sept.2026 21:13:04.887] [Render thread/DEBUG] [net.minecraftforge.fml.javafmlmod.FMLJavaModLanguageProvider/LOADING]: Loading FMLModContainer from classloader cpw.mods.modlauncher.TransformingClassLoader@44f24a20 - got cpw.mods.cl.ModuleClassLoader@7f9e1534
[23sept.2026 21:13:04.888] [Render thread/DEBUG] [net.minecraftforge.fml.javafmlmod.FMLModContainer/LOADING]: Creating FMLModContainer instance for com.cheat.CheatMod
[23sept.2026 21:13:04.904] [Render thread/DEBUG] [net.minecraftforge.fml.javafmlmod.FMLJavaModLanguageProvider/LOADING]: Loading FMLModContainer from classloader cpw.mods.modlauncher.TransformingClassLoader@44f24a20 - got cpw.mods.cl.ModuleClassLoader@7f9e1534
[23sept.2026 21:13:04.904] [Render thread/DEBUG] [net.minecraftforge.fml.javafmlmod.FMLModContainer/LOADING]: Creating FMLModContainer instance for net.minecraftforge.common.ForgeMod
[23sept.2026 21:13:04.957] [modloading-worker-0/DEBUG] [net.minecraftforge.fml.javafmlmod.AutomaticEventSubscriber/LOADING]: Attempting to inject @EventBusSubscriber classes into the eventbus for cheat
[23sept.2026 21:13:04.969] [modloading-worker-0/DEBUG] [net.minecraftforge.fml.javafmlmod.AutomaticEventSubscriber/LOADING]: Auto-subscribing com.cheat.client.ClientEvents to FORGE
[23sept.2026 21:13:05.037] [modloading-worker-0/DEBUG] [net.minecraftforge.versions.forge.ForgeVersion/CORE]: Forge Version package package net.minecraftforge.versions.forge, Forge, version 43.3 from cpw.mods.modlauncher.TransformingClassLoader@44f24a20
[23sept.2026 21:13:05.117] [modloading-worker-0/DEBUG] [net.minecraftforge.versions.forge.ForgeVersion/CORE]: Found Forge version 43.3.0
[23sept.2026 21:13:05.118] [modloading-worker-0/DEBUG] [net.minecraftforge.versions.forge.ForgeVersion/CORE]: Found Forge spec 43.3
[23sept.2026 21:13:05.119] [modloading-worker-0/DEBUG] [net.minecraftforge.versions.forge.ForgeVersion/CORE]: Found Forge group net.minecraftforge
[23sept.2026 21:13:05.122] [modloading-worker-0/DEBUG] [net.minecraftforge.versions.mcp.MCPVersion/CORE]: MCP Version package package net.minecraftforge.versions.mcp, Minecraft, version 1.19.2 from cpw.mods.modlauncher.TransformingClassLoader@44f24a20
[23sept.2026 21:13:05.124] [modloading-worker-0/DEBUG] [net.minecraftforge.versions.mcp.MCPVersion/CORE]: Found MC version information 1.19.2
[23sept.2026 21:13:05.126] [modloading-worker-0/DEBUG] [net.minecraftforge.versions.mcp.MCPVersion/CORE]: Found MCP version information 20220805.130853
[23sept.2026 21:13:05.126] [modloading-worker-0/INFO] [net.minecraftforge.common.ForgeMod/FORGEMOD]: Forge mod loading, version 43.3.0, for MC 1.19.2 with MCP 20220805.130853
[23sept.2026 21:13:05.127] [modloading-worker-0/INFO] [net.minecraftforge.common.MinecraftForge/FORGE]: MinecraftForge v43.3.0 Initialized
[23sept.2026 21:13:05.380] [modloading-worker-0/DEBUG] [io.netty.util.internal.PlatformDependent0/]: -Dio.netty.noUnsafe: false
[23sept.2026 21:13:05.381] [modloading-worker-0/DEBUG] [io.netty.util.internal.PlatformDependent0/]: Java version: 17
[23sept.2026 21:13:05.386] [modloading-worker-0/DEBUG] [io.netty.util.internal.PlatformDependent0/]: sun.misc.Unsafe.theUnsafe: available
[23sept.2026 21:13:05.388] [modloading-worker-0/DEBUG] [io.netty.util.internal.PlatformDependent0/]: sun.misc.Unsafe.copyMemory: available
[23sept.2026 21:13:05.389] [modloading-worker-0/DEBUG] [io.netty.util.internal.PlatformDependent0/]: sun.misc.Unsafe.storeFence: available
[23sept.2026 21:13:05.391] [modloading-worker-0/DEBUG] [io.netty.util.internal.PlatformDependent0/]: java.nio.Buffer.address: available
[23sept.2026 21:13:05.396] [modloading-worker-0/DEBUG] [io.netty.util.internal.PlatformDependent0/]: direct buffer constructor: unavailable
java.lang.UnsupportedOperationException: Reflective setAccessible(true) disabled
	at io.netty.util.internal.ReflectionUtil.trySetAccessible(ReflectionUtil.java:31) ~[netty-common-4.1.77.Final.jar%23136!/:4.1.77.Final]
	at io.netty.util.internal.PlatformDependent0$5.run(PlatformDependent0.java:287) ~[netty-common-4.1.77.Final.jar%23136!/:4.1.77.Final]
	at java.security.AccessController.doPrivileged(AccessController.java:318) ~[?:?]
	at io.netty.util.internal.PlatformDependent0.<clinit>(PlatformDependent0.java:281) ~[netty-common-4.1.77.Final.jar%23136!/:4.1.77.Final]
	at io.netty.util.internal.PlatformDependent.isAndroid(PlatformDependent.java:294) ~[netty-common-4.1.77.Final.jar%23136!/:4.1.77.Final]
	at io.netty.util.internal.PlatformDependent.<clinit>(PlatformDependent.java:88) ~[netty-common-4.1.77.Final.jar%23136!/:4.1.77.Final]
	at io.netty.util.ConstantPool.<init>(ConstantPool.java:34) ~[netty-common-4.1.77.Final.jar%23136!/:4.1.77.Final]
	at io.netty.util.AttributeKey$1.<init>(AttributeKey.java:27) ~[netty-common-4.1.77.Final.jar%23136!/:4.1.77.Final]
	at io.netty.util.AttributeKey.<clinit>(AttributeKey.java:27) ~[netty-common-4.1.77.Final.jar%23136!/:4.1.77.Final]
	at net.minecraftforge.network.NetworkConstants.<clinit>(NetworkConstants.java:34) ~[forge-1.19.2-43.3.0_mapped_official_1.19.2.jar%23177%23184!/:?]
	at net.minecraftforge.common.ForgeMod.<init>(ForgeMod.java:436) ~[forge-1.19.2-43.3.0_mapped_official_1.19.2.jar%23177%23184!/:?]
	at jdk.internal.reflect.NativeConstructorAccessorImpl.newInstance0(Native Method) ~[?:?]
	at jdk.internal.reflect.NativeConstructorAccessorImpl.newInstance(NativeConstructorAccessorImpl.java:77) ~[?:?]
	at jdk.internal.reflect.DelegatingConstructorAccessorImpl.newInstance(DelegatingConstructorAccessorImpl.java:45) ~[?:?]
	at java.lang.reflect.Constructor.newInstanceWithCaller(Constructor.java:500) ~[?:?]
	at java.lang.reflect.Constructor.newInstance(Constructor.java:481) ~[?:?]
	at net.minecraftforge.fml.javafmlmod.FMLModContainer.constructMod(FMLModContainer.java:68) ~[javafmllanguage-1.19.2-43.3.0.jar%23179!/:?]
	at net.minecraftforge.fml.ModContainer.lambda$buildTransitionHandler$10(ModContainer.java:121) ~[fmlcore-1.19.2-43.3.0.jar%23182!/:?]
	at java.util.concurrent.CompletableFuture$AsyncRun.run(CompletableFuture.java:1804) [?:?]
	at java.util.concurrent.CompletableFuture$AsyncRun.exec(CompletableFuture.java:1796) [?:?]
	at java.util.concurrent.ForkJoinTask.doExec(ForkJoinTask.java:373) [?:?]
	at java.util.concurrent.ForkJoinPool$WorkQueue.topLevelExec(ForkJoinPool.java:1182) [?:?]
	at java.util.concurrent.ForkJoinPool.scan(ForkJoinPool.java:1655) [?:?]
	at java.util.concurrent.ForkJoinPool.runWorker(ForkJoinPool.java:1622) [?:?]
	at java.util.concurrent.ForkJoinWorkerThread.run(ForkJoinWorkerThread.java:165) [?:?]
[23sept.2026 21:13:05.400] [modloading-worker-0/DEBUG] [io.netty.util.internal.PlatformDependent0/]: java.nio.Bits.unaligned: available, true
[23sept.2026 21:13:05.406] [modloading-worker-0/DEBUG] [io.netty.util.internal.PlatformDependent0/]: jdk.internal.misc.Unsafe.allocateUninitializedArray(int): unavailable
java.lang.IllegalAccessException: class io.netty.util.internal.PlatformDependent0$7 (in module io.netty.common) cannot access class jdk.internal.misc.Unsafe (in module java.base) because module java.base does not export jdk.internal.misc to module io.netty.common
	at jdk.internal.reflect.Reflection.newIllegalAccessException(Reflection.java:392) ~[?:?]
	at java.lang.reflect.AccessibleObject.checkAccess(AccessibleObject.java:674) ~[?:?]
	at java.lang.reflect.Method.invoke(Method.java:561) ~[?:?]
	at io.netty.util.internal.PlatformDependent0$7.run(PlatformDependent0.java:409) ~[netty-common-4.1.77.Final.jar%23136!/:4.1.77.Final]
	at java.security.AccessController.doPrivileged(AccessController.java:318) ~[?:?]
	at io.netty.util.internal.PlatformDependent0.<clinit>(PlatformDependent0.java:400) ~[netty-common-4.1.77.Final.jar%23136!/:4.1.77.Final]
	at io.netty.util.internal.PlatformDependent.isAndroid(PlatformDependent.java:294) ~[netty-common-4.1.77.Final.jar%23136!/:4.1.77.Final]
	at io.netty.util.internal.PlatformDependent.<clinit>(PlatformDependent.java:88) ~[netty-common-4.1.77.Final.jar%23136!/:4.1.77.Final]
	at io.netty.util.ConstantPool.<init>(ConstantPool.java:34) ~[netty-common-4.1.77.Final.jar%23136!/:4.1.77.Final]
	at io.netty.util.AttributeKey$1.<init>(AttributeKey.java:27) ~[netty-common-4.1.77.Final.jar%23136!/:4.1.77.Final]
	at io.netty.util.AttributeKey.<clinit>(AttributeKey.java:27) ~[netty-common-4.1.77.Final.jar%23136!/:4.1.77.Final]
	at net.minecraftforge.network.NetworkConstants.<clinit>(NetworkConstants.java:34) ~[forge-1.19.2-43.3.0_mapped_official_1.19.2.jar%23177%23184!/:?]
	at net.minecraftforge.common.ForgeMod.<init>(ForgeMod.java:436) ~[forge-1.19.2-43.3.0_mapped_official_1.19.2.jar%23177%23184!/:?]
	at jdk.internal.reflect.NativeConstructorAccessorImpl.newInstance0(Native Method) ~[?:?]
	at jdk.internal.reflect.NativeConstructorAccessorImpl.newInstance(NativeConstructorAccessorImpl.java:77) ~[?:?]
	at jdk.internal.reflect.DelegatingConstructorAccessorImpl.newInstance(DelegatingConstructorAccessorImpl.java:45) ~[?:?]
	at java.lang.reflect.Constructor.newInstanceWithCaller(Constructor.java:500) ~[?:?]
	at java.lang.reflect.Constructor.newInstance(Constructor.java:481) ~[?:?]
	at net.minecraftforge.fml.javafmlmod.FMLModContainer.constructMod(FMLModContainer.java:68) ~[javafmllanguage-1.19.2-43.3.0.jar%23179!/:?]
	at net.minecraftforge.fml.ModContainer.lambda$buildTransitionHandler$10(ModContainer.java:121) ~[fmlcore-1.19.2-43.3.0.jar%23182!/:?]
	at java.util.concurrent.CompletableFuture$AsyncRun.run(CompletableFuture.java:1804) [?:?]
	at java.util.concurrent.CompletableFuture$AsyncRun.exec(CompletableFuture.java:1796) [?:?]
	at java.util.concurrent.ForkJoinTask.doExec(ForkJoinTask.java:373) [?:?]
	at java.util.concurrent.ForkJoinPool$WorkQueue.topLevelExec(ForkJoinPool.java:1182) [?:?]
	at java.util.concurrent.ForkJoinPool.scan(ForkJoinPool.java:1655) [?:?]
	at java.util.concurrent.ForkJoinPool.runWorker(ForkJoinPool.java:1622) [?:?]
	at java.util.concurrent.ForkJoinWorkerThread.run(ForkJoinWorkerThread.java:165) [?:?]
[23sept.2026 21:13:05.411] [modloading-worker-0/DEBUG] [io.netty.util.internal.PlatformDependent0/]: java.nio.DirectByteBuffer.<init>(long, int): unavailable
[23sept.2026 21:13:05.413] [modloading-worker-0/DEBUG] [io.netty.util.internal.PlatformDependent/]: sun.misc.Unsafe: available
[23sept.2026 21:13:05.413] [modloading-worker-0/DEBUG] [io.netty.util.internal.PlatformDependent/]: maxDirectMemory: 4160749568 bytes (maybe)
[23sept.2026 21:13:05.418] [modloading-worker-0/DEBUG] [io.netty.util.internal.PlatformDependent/]: -Dio.netty.tmpdir: /tmp (java.io.tmpdir)
[23sept.2026 21:13:05.418] [modloading-worker-0/DEBUG] [io.netty.util.internal.PlatformDependent/]: -Dio.netty.bitMode: 64 (sun.arch.data.model)
[23sept.2026 21:13:05.420] [modloading-worker-0/DEBUG] [io.netty.util.internal.PlatformDependent/]: -Dio.netty.maxDirectMemory: -1 bytes
[23sept.2026 21:13:05.421] [modloading-worker-0/DEBUG] [io.netty.util.internal.PlatformDependent/]: -Dio.netty.uninitializedArrayAllocationThreshold: -1
[23sept.2026 21:13:05.425] [modloading-worker-0/DEBUG] [io.netty.util.internal.CleanerJava9/]: java.nio.ByteBuffer.cleaner(): available
[23sept.2026 21:13:05.427] [modloading-worker-0/DEBUG] [io.netty.util.internal.PlatformDependent/]: -Dio.netty.noPreferDirect: false
[23sept.2026 21:13:05.518] [modloading-worker-0/DEBUG] [net.minecraftforge.common.ForgeMod/FORGEMOD]: Loading Network data for FML net version: FML3
[23sept.2026 21:13:05.645] [modloading-worker-0/DEBUG] [net.minecraftforge.fml.config.ConfigTracker/CONFIG]: Config file forge-client.toml for forge tracking
[23sept.2026 21:13:05.645] [modloading-worker-0/DEBUG] [net.minecraftforge.fml.config.ConfigTracker/CONFIG]: Config file forge-server.toml for forge tracking
[23sept.2026 21:13:05.646] [modloading-worker-0/DEBUG] [net.minecraftforge.fml.config.ConfigTracker/CONFIG]: Config file forge-common.toml for forge tracking
[23sept.2026 21:13:05.685] [modloading-worker-0/DEBUG] [net.minecraftforge.fml.javafmlmod.AutomaticEventSubscriber/LOADING]: Attempting to inject @EventBusSubscriber classes into the eventbus for forge
[23sept.2026 21:13:05.686] [modloading-worker-0/DEBUG] [net.minecraftforge.fml.javafmlmod.AutomaticEventSubscriber/LOADING]: Auto-subscribing net.minecraftforge.common.ForgeSpawnEggItem$CommonHandler to MOD
[23sept.2026 21:13:05.689] [modloading-worker-0/DEBUG] [net.minecraftforge.fml.javafmlmod.AutomaticEventSubscriber/LOADING]: Auto-subscribing net.minecraftforge.common.ForgeSpawnEggItem$ColorRegisterHandler to MOD
[23sept.2026 21:13:05.696] [modloading-worker-0/DEBUG] [net.minecraftforge.fml.javafmlmod.AutomaticEventSubscriber/LOADING]: Auto-subscribing net.minecraftforge.client.model.data.ModelDataManager to FORGE
[23sept.2026 21:13:05.698] [modloading-worker-0/DEBUG] [net.minecraftforge.fml.javafmlmod.AutomaticEventSubscriber/LOADING]: Auto-subscribing net.minecraftforge.client.ForgeHooksClient$ClientEvents to MOD
[23sept.2026 21:13:05.713] [modloading-worker-0/DEBUG] [net.minecraftforge.fml.javafmlmod.AutomaticEventSubscriber/LOADING]: Auto-subscribing net.minecraftforge.client.ClientForgeMod to MOD
[23sept.2026 21:13:05.795] [Render thread/DEBUG] [net.minecraftforge.common.capabilities.CapabilityManager/CAPABILITIES]: Attempting to automatically register: Lnet/minecraftforge/energy/IEnergyStorage;
[23sept.2026 21:13:05.796] [Render thread/DEBUG] [net.minecraftforge.common.capabilities.CapabilityManager/CAPABILITIES]: Attempting to automatically register: Lnet/minecraftforge/fluids/capability/IFluidHandler;
[23sept.2026 21:13:05.796] [Render thread/DEBUG] [net.minecraftforge.common.capabilities.CapabilityManager/CAPABILITIES]: Attempting to automatically register: Lnet/minecraftforge/fluids/capability/IFluidHandlerItem;
[23sept.2026 21:13:05.798] [Render thread/DEBUG] [net.minecraftforge.common.capabilities.CapabilityManager/CAPABILITIES]: Attempting to automatically register: Lnet/minecraftforge/items/IItemHandler;
[23sept.2026 21:13:06.034] [Render thread/DEBUG] [net.minecraftforge.client.loading.ClientModLoader/CORE]: Generating PackInfo named mod:cheat for mod file /run/media/satanas/data/codage-new/mods/mc/forge/1.19.2/cheat/build/resources/main
[23sept.2026 21:13:06.034] [Render thread/DEBUG] [net.minecraftforge.client.loading.ClientModLoader/CORE]: Generating PackInfo named mod:forge for mod file /
[23sept.2026 21:13:06.740] [Render thread/INFO] [net.minecraftforge.gametest.ForgeGameTestHooks/]: Enabled Gametest Namespaces: []
[23sept.2026 21:13:06.920] [Render thread/ERROR] [com.mojang.text2speech.Narrator/]: Error while loading the narrator
com.mojang.text2speech.Narrator$InitializeException: Failed to load library flite
	at com.mojang.text2speech.NarratorLinux$FliteLibrary.loadNative(NarratorLinux.java:69) ~[text2speech-1.16.7.jar%23166!/:?]
	at com.mojang.text2speech.NarratorLinux.<init>(NarratorLinux.java:18) ~[text2speech-1.16.7.jar%23166!/:?]
	at com.mojang.text2speech.Narrator.getNarrator(Narrator.java:41) ~[text2speech-1.16.7.jar%23166!/:?]
	at net.minecraft.client.GameNarrator.<init>(GameNarrator.java:19) ~[forge-1.19.2-43.3.0_mapped_official_1.19.2.jar%23178!/:?]
	at net.minecraft.client.Minecraft.<init>(Minecraft.java:570) ~[forge-1.19.2-43.3.0_mapped_official_1.19.2.jar%23178!/:?]
	at net.minecraft.client.main.Main.run(Main.java:176) ~[forge-1.19.2-43.3.0_mapped_official_1.19.2.jar%23178!/:?]
	at net.minecraft.client.main.Main.main(Main.java:51) ~[forge-1.19.2-43.3.0_mapped_official_1.19.2.jar%23178!/:?]
	at jdk.internal.reflect.NativeMethodAccessorImpl.invoke0(Native Method) ~[?:?]
	at jdk.internal.reflect.NativeMethodAccessorImpl.invoke(NativeMethodAccessorImpl.java:77) ~[?:?]
	at jdk.internal.reflect.DelegatingMethodAccessorImpl.invoke(DelegatingMethodAccessorImpl.java:43) ~[?:?]
	at java.lang.reflect.Method.invoke(Method.java:569) ~[?:?]
	at net.minecraftforge.fml.loading.targets.ForgeClientUserdevLaunchHandler.lambda$launchService$0(ForgeClientUserdevLaunchHandler.java:25) ~[fmlloader-1.19.2-43.3.0.jar%2389!/:?]
	at cpw.mods.modlauncher.LaunchServiceHandlerDecorator.launch(LaunchServiceHandlerDecorator.java:30) [modlauncher-10.0.9.jar%23102!/:?]
	at cpw.mods.modlauncher.LaunchServiceHandler.launch(LaunchServiceHandler.java:53) [modlauncher-10.0.9.jar%23102!/:?]
	at cpw.mods.modlauncher.LaunchServiceHandler.launch(LaunchServiceHandler.java:71) [modlauncher-10.0.9.jar%23102!/:?]
	at cpw.mods.modlauncher.Launcher.run(Launcher.java:108) [modlauncher-10.0.9.jar%23102!/:?]
	at cpw.mods.modlauncher.Launcher.main(Launcher.java:78) [modlauncher-10.0.9.jar%23102!/:?]
	at cpw.mods.modlauncher.BootstrapLaunchConsumer.accept(BootstrapLaunchConsumer.java:26) [modlauncher-10.0.9.jar%23102!/:?]
	at cpw.mods.modlauncher.BootstrapLaunchConsumer.accept(BootstrapLaunchConsumer.java:23) [modlauncher-10.0.9.jar%23102!/:?]
	at cpw.mods.bootstraplauncher.BootstrapLauncher.main(BootstrapLauncher.java:141) [bootstraplauncher-1.1.2.jar:?]
Caused by: java.lang.UnsatisfiedLinkError: Unable to load library 'flite':
libflite.so: Ne peut ouvrir le fichier d'objet partagé: Aucun fichier ou dossier de ce nom
libflite.so: Ne peut ouvrir le fichier d'objet partagé: Aucun fichier ou dossier de ce nom
Native library (linux-x86-64/libflite.so) not found in resource path (/run/media/satanas/data/codage-new/mods/mc/forge/1.19.2/cheat/build/classes/java/main:/run/media/satanas/data/codage-new/mods/mc/forge/1.19.2/cheat/build/resources/main:/home/satanas/.gradle/caches/forge_gradle/minecraft_user_repo/net/minecraftforge/forge/1.19.2-43.3.0_mapped_official_1.19.2/forge-1.19.2-43.3.0_mapped_official_1.19.2.jar:/home/satanas/.gradle/caches/forge_gradle/minecraft_repo/versions/1.19.2/client-extra.jar:/home/satanas/.gradle/caches/modules-2/files-2.1/net.minecraftforge/javafmllanguage/1.19.2-43.3.0/2edd99fb09dd01b6487188e8da2ce4b034d79217/javafmllanguage-1.19.2-43.3.0.jar:/home/satanas/.gradle/caches/modules-2/files-2.1/net.minecraftforge/lowcodelanguage/1.19.2-43.3.0/5facdae56496bfc1ea0e1dbe1385463d7aa7bc69/lowcodelanguage-1.19.2-43.3.0.jar:/home/satanas/.gradle/caches/modules-2/files-2.1/net.minecraftforge/mclanguage/1.19.2-43.3.0/3da09fccf425982d55412b36aaffe711fcff8740/mclanguage-1.19.2-43.3.0.jar:/home/satanas/.gradle/caches/modules-2/files-2.1/net.minecraftforge/fmlcore/1.19.2-43.3.0/5db2801308d3c89c8ef4750f3d8a402a8d3a7522/fmlcore-1.19.2-43.3.0.jar:/home/satanas/.gradle/caches/modules-2/files-2.1/net.minecraftforge/fmlloader/1.19.2-43.3.0/daf431c3a88b84dbbd5df2c8abc1d2deb51094a6/fmlloader-1.19.2-43.3.0.jar:/home/satanas/.gradle/caches/modules-2/files-2.1/net.minecraftforge/JarJarSelector/0.3.16/2a31421fb5e267249da103a644f23afb43d158af/JarJarSelector-0.3.16.jar:/home/satanas/.gradle/caches/modules-2/files-2.1/net.minecraftforge/JarJarMetadata/0.3.16/f62c8c898dffc8666f5097a8587ed72095e8e83a/JarJarMetadata-0.3.16.jar:/home/satanas/.gradle/caches/modules-2/files-2.1/com.google.guava/guava/31.0.1-jre/119ea2b2bc205b138974d351777b20f02b92704b/guava-31.0.1-jre.jar:/home/satanas/.gradle/caches/modules-2/files-2.1/com.google.code.findbugs/jsr305/3.0.2/25ea2e8b0c338a877313bd4672d3fe056ea78f0d/jsr305-3.0.2.jar:/home/satanas/.gradle/caches/modules-2/files-2.1/ca.weblite/java-objc-bridge/1.1/1227f9e0666314f9de41477e3ec277e542ed7f7b/java-objc-bridge-1.1.jar:/home/satanas/.gradle/caches/modules-2/files-2.1/net.minecraftforge/mergetool/1.1.5/f3da18e12c696d35a47c82cbb2cc8b5aa15e1154/mergetool-1.1.5-api.jar:/home/satanas/.gradle/caches/modules-2/files-2.1/org.jetbrains/annotations/23.0.0/8cc20c07506ec18e0834947b84a864bfc094484e/annotations-23.0.0.jar:/home/satanas/.gradle/caches/forge_gradle/mcp_repo/net/minecraft/mapping/1.19.2/mapping-1.19.2-mapping.zip:/home/satanas/.gradle/caches/modules-2/files-2.1/net.minecraftforge/coremods/5.0.1/386b00279628b105b2d507539c46e134e96f6237/coremods-5.0.1.jar:/home/satanas/.gradle/caches/modules-2/files-2.1/net.minecraftforge/forgespi/6.0.0/4a2004591666531f8b30d3402317b1ff6411bd3e/forgespi-6.0.0.jar:/home/satanas/.gradle/caches/modules-2/files-2.1/cpw.mods/bootstraplauncher/1.1.2/c546e00443d8432cda6baa1c860346980742628/bootstraplauncher-1.1.2.jar:/home/satanas/.gradle/caches/modules-2/files-2.1/net.minecraftforge/accesstransformers/8.0.4/272d240aa73f42195b2a68e2ebd8b701ecf41f63/accesstransformers-8.0.4.jar:/home/satanas/.gradle/caches/modules-2/files-2.1/net.minecraftforge/eventbus/6.0.3/42fe522ace1bbcbcbba9c880c42411857baf36a9/eventbus-6.0.3.jar:/home/satanas/.gradle/caches/modules-2/files-2.1/cpw.mods/modlauncher/10.0.9/6d9443f56f50bb85cea383686ff9c867391458b/modlauncher-10.0.9.jar:/home/satanas/.gradle/caches/modules-2/files-2.1/cpw.mods/securejarhandler/2.1.4/f47e3b9dd860a7b82154b8f90a650ffd0aaa5582/securejarhandler-2.1.4.jar:/home/satanas/.gradle/caches/modules-2/files-2.1/org.openjdk.nashorn/nashorn-core/15.3/43977e804697048fc8d81d333a36c17d07a5b3dd/nashorn-core-15.3.jar:/home/satanas/.gradle/caches/modules-2/files-2.1/org.ow2.asm/asm-commons/9.5/19ab5b5800a3910d30d3a3e64fdb00fd0cb42de0/asm-commons-9.5.jar:/home/satanas/.gradle/caches/modules-2/files-2.1/org.ow2.asm/asm-util/9.5/64b5a1fc8c1b15ed2efd6a063e976bc8d3dc5ffe/asm-util-9.5.jar:/home/satanas/.gradle/caches/modules-2/files-2.1/org.ow2.asm/asm-analysis/9.5/490bacc77de7cbc0be1a30bb3471072d705be4a4/asm-analysis-9.5.jar:/home/satanas/.gradle/caches/modules-2/files-2.1/org.ow2.asm/asm-tree/9.5/fd33c8b6373abaa675be407082fdfda35021254a/asm-tree-9.5.jar:/home/satanas/.gradle/caches/modules-2/files-2.1/org.ow2.asm/asm/9.5/dc6ea1875f4d64fbc85e1691c95b96a3d8569c90/asm-9.5.jar:/home/satanas/.gradle/caches/modules-2/files-2.1/org.antlr/antlr4/4.9.1/e92af8ab33e428461927b484e90bb155a4f3a052/antlr4-4.9.1.jar:/home/satanas/.gradle/caches/modules-2/files-2.1/org.antlr/antlr4-runtime/4.9.1/428664f05d2b7f7b7610204b5aa7c1763f62011a/antlr4-runtime-4.9.1.jar:/home/satanas/.gradle/caches/modules-2/files-2.1/net.minecraftforge/unsafe/0.2.0/54d7a0a5e8fdb71b973025caa46f341ae5904f39/unsafe-0.2.0.jar:/home/satanas/.gradle/caches/modules-2/files-2.1/com.electronwill.night-config/toml/3.6.4/51d6cefb2b55ee55ee26b16391212fb2c7dfb4f4/toml-3.6.4.jar:/home/satanas/.gradle/caches/modules-2/files-2.1/com.electronwill.night-config/core/3.6.4/510f174abbf1c947494db50ef2445683bd52c230/core-3.6.4.jar:/home/satanas/.gradle/caches/modules-2/files-2.1/org.apache.maven/maven-artifact/3.8.5/4433f50c07debefaed0553bd0068f4f48d449313/maven-artifact-3.8.5.jar:/home/satanas/.gradle/caches/modules-2/files-2.1/net.jodah/typetools/0.8.3/98f84f353457629e81cc6827224871b1a8faa7af/typetools-0.8.3.jar:/home/satanas/.gradle/caches/modules-2/files-2.1/net.minecrell/terminalconsoleappender/1.2.0/96d02cd3b384ff015a8fef4223bcb4ccf1717c95/terminalconsoleappender-1.2.0.jar:/home/satanas/.gradle/caches/modules-2/files-2.1/org.jline/jline-reader/3.12.1/4382ab1382c7b6f379377ed5f665dc2f6e1218bc/jline-reader-3.12.1.jar:/home/satanas/.gradle/caches/modules-2/files-2.1/org.jline/jline-terminal/3.12.1/c777448314e050d980a6b697c140f3bfe9eb7416/jline-terminal-3.12.1.jar:/home/satanas/.gradle/caches/modules-2/files-2.1/org.spongepowered/mixin/0.8.5/9d1c0c3a304ae6697ecd477218fa61b850bf57fc/mixin-0.8.5.jar:/home/satanas/.gradle/caches/modules-2/files-2.1/net.minecraftforge/JarJarFileSystems/0.3.16/e52afbb2599dc7c6f779efea0496d32fc01152e3/JarJarFileSystems-0.3.16.jar:/home/satanas/.gradle/caches/modules-2/files-2.1/com.mojang/logging/1.0.0/f6ca3b2eee0b80b384e8ed93d368faecb82dfb9b/logging-1.0.0.jar:/home/satanas/.gradle/caches/modules-2/files-2.1/com.mojang/blocklist/1.0.10/5c685c5ffa94c4cd39496c7184c1d122e515ecef/blocklist-1.0.10.jar:/home/satanas/.gradle/caches/modules-2/files-2.1/com.mojang/patchy/2.2.10/da05971b07cbb379d002cf7eaec6a2048211fefc/patchy-2.2.10.jar:/home/satanas/.gradle/caches/modules-2/files-2.1/com.github.oshi/oshi-core/5.8.5/1d0ec654d820741327f5a9229d513732a4b7ce50/oshi-core-5.8.5.jar:/home/satanas/.gradle/caches/modules-2/files-2.1/net.java.dev.jna/jna-platform/5.10.0/fbed7d9669dba47714ad0d4f4454290a997aee69/jna-platform-5.10.0.jar:/home/satanas/.gradle/caches/modules-2/files-2.1/net.java.dev.jna/jna/5.10.0/7cf4c87dd802db50721db66947aa237d7ad09418/jna-5.10.0.jar:/home/satanas/.gradle/caches/modules-2/files-2.1/org.apache.logging.log4j/log4j-slf4j18-impl/2.17.0/bd7f6c0b9224dd214afb4e684957e2349b529a8d/log4j-slf4j18-impl-2.17.0.jar:/home/satanas/.gradle/caches/modules-2/files-2.1/com.machinezoo.noexception/noexception/1.7.1/b65330c98e38a1f915fa54a6e5eca496505e3f0a/noexception-1.7.1.jar:/home/satanas/.gradle/caches/modules-2/files-2.1/org.slf4j/slf4j-simple/1.7.30/e606eac955f55ecf1d8edcccba04eb8ac98088dd/slf4j-simple-1.7.30.jar:/home/satanas/.gradle/caches/modules-2/files-2.1/org.slf4j/slf4j-api/1.8.0-beta4/83b0359d847ee053d745be7ec0d8e9e8a44304b4/slf4j-api-1.8.0-beta4.jar:/home/satanas/.gradle/caches/modules-2/files-2.1/com.ibm.icu/icu4j/70.1/dfa3a1fbc55bf5db8c6e79fc0935ac7ab1202950/icu4j-70.1.jar:/home/satanas/.gradle/caches/modules-2/files-2.1/com.mojang/javabridge/1.2.24/c876796229b2ef5120f186eab5acc870699d3b9/javabridge-1.2.24.jar:/home/satanas/.gradle/caches/modules-2/files-2.1/net.sf.jopt-simple/jopt-simple/5.0.4/4fdac2fbe92dfad86aa6e9301736f6b4342a3f5c/jopt-simple-5.0.4.jar:/home/satanas/.gradle/caches/modules-2/files-2.1/io.netty/netty-handler/4.1.77.Final/47a81089de03635a27f509f3e4e13386ae1db275/netty-handler-4.1.77.Final.jar:/home/satanas/.gradle/caches/modules-2/files-2.1/io.netty/netty-codec/4.1.77.Final/4efc5f59335301d6ba0d7cd31dd10651119b03c8/netty-codec-4.1.77.Final.jar:/home/satanas/.gradle/caches/modules-2/files-2.1/io.netty/netty-transport-native-epoll/4.1.77.Final/8d10e9e138dac52172dd83229bdc89197100c723/netty-transport-native-epoll-4.1.77.Final-linux-x86_64.jar:/home/satanas/.gradle/caches/modules-2/files-2.1/io.netty/netty-transport-native-epoll/4.1.77.Final/5f051599ced83e119ddeda891f471c0613721e5c/netty-transport-native-epoll-4.1.77.Final-linux-aarch_64.jar:/home/satanas/.gradle/caches/modules-2/files-2.1/io.netty/netty-transport-classes-epoll/4.1.77.Final/dd70dbccbcf98382223a59044f3c08d8e9920cad/netty-transport-classes-epoll-4.1.77.Final.jar:/home/satanas/.gradle/caches/modules-2/files-2.1/io.netty/netty-transport-native-unix-common/4.1.77.Final/c95d53486414b3270d08057957c5da8e0c37e4eb/netty-transport-native-unix-common-4.1.77.Final.jar:/home/satanas/.gradle/caches/modules-2/files-2.1/io.netty/netty-transport/4.1.77.Final/2a3373bbd20d520c821f210bd5ee886788512043/netty-transport-4.1.77.Final.jar:/home/satanas/.gradle/caches/modules-2/files-2.1/io.netty/netty-buffer/4.1.77.Final/d97571f99e5e739d86824d0df99f35d295276b5f/netty-buffer-4.1.77.Final.jar:/home/satanas/.gradle/caches/modules-2/files-2.1/io.netty/netty-resolver/4.1.77.Final/4a239dbf8d8bb5f98aa51462c35011c0516395fd/netty-resolver-4.1.77.Final.jar:/home/satanas/.gradle/caches/modules-2/files-2.1/io.netty/netty-common/4.1.77.Final/ea0fc20f4e6178966b9d62017b7fcb83dfe0e713/netty-common-4.1.77.Final.jar:/home/satanas/.gradle/caches/modules-2/files-2.1/com.google.guava/failureaccess/1.0.1/1dcf1de382a0bf95a3d8b0849546c88bac1292c9/failureaccess-1.0.1.jar:/home/satanas/.gradle/caches/modules-2/files-2.1/org.apache.commons/commons-lang3/3.12.0/c6842c86792ff03b9f1d1fe2aab8dc23aa6c6f0e/commons-lang3-3.12.0.jar:/home/satanas/.gradle/caches/modules-2/files-2.1/commons-io/commons-io/2.11.0/a2503f302b11ebde7ebc3df41daebe0e4eea3689/commons-io-2.11.0.jar:/home/satanas/.gradle/caches/modules-2/files-2.1/org.apache.httpcomponents/httpclient/4.5.13/e5f6cae5ca7ecaac1ec2827a9e2d65ae2869cada/httpclient-4.5.13.jar:/home/satanas/.gradle/caches/modules-2/files-2.1/commons-codec/commons-codec/1.15/49d94806b6e3dc933dacbd8acb0fdbab8ebd1e5d/commons-codec-1.15.jar:/home/satanas/.gradle/caches/modules-2/files-2.1/com.mojang/brigadier/1.0.18/c1ef1234282716483c92183f49bef47b1a89bfa9/brigadier-1.0.18.jar:/home/satanas/.gradle/caches/modules-2/files-2.1/com.mojang/datafixerupper/5.0.28/e2157e236e529aff80a5fc3ccb506e56d46b130b/datafixerupper-5.0.28.jar:/home/satanas/.gradle/caches/modules-2/files-2.1/com.google.code.gson/gson/2.8.9/8a432c1d6825781e21a02db2e2c33c5fde2833b9/gson-2.8.9.jar:/home/satanas/.gradle/caches/modules-2/files-2.1/com.mojang/authlib/3.11.49/2e3055ec2a017c7f94b79744b4a68b65695a118c/authlib-3.11.49.jar:/home/satanas/.gradle/caches/modules-2/files-2.1/org.apache.commons/commons-compress/1.21/4ec95b60d4e86b5c95a0e919cb172a0af98011ef/commons-compress-1.21.jar:/home/satanas/.gradle/caches/modules-2/files-2.1/commons-logging/commons-logging/1.2/4bfc12adfe4842bf07b657f0369c4cb522955686/commons-logging-1.2.jar:/home/satanas/.gradle/caches/modules-2/files-2.1/org.apache.httpcomponents/httpcore/4.4.14/9dd1a631c082d92ecd4bd8fd4cf55026c720a8c1/httpcore-4.4.14.jar:/home/satanas/.gradle/caches/modules-2/files-2.1/it.unimi.dsi/fastutil/8.5.6/76f95700418a68fbc4ac050525261f05dc681ca1/fastutil-8.5.6.jar:/home/satanas/.gradle/caches/modules-2/files-2.1/org.apache.logging.log4j/log4j-core/2.17.1/779f60f3844dadc3ef597976fcb1e5127b1f343d/log4j-core-2.17.1.jar:/home/satanas/.gradle/caches/modules-2/files-2.1/org.apache.logging.log4j/log4j-api/2.17.1/d771af8e336e372fb5399c99edabe0919aeaf5b2/log4j-api-2.17.1.jar:/home/satanas/.gradle/caches/modules-2/files-2.1/org.lwjgl/lwjgl-jemalloc/3.3.1/a817bcf213db49f710603677457567c37d53e103/lwjgl-jemalloc-3.3.1.jar:/home/satanas/.gradle/caches/modules-2/files-2.1/org.lwjgl/lwjgl-jemalloc/3.3.1/33dbb017b6ed6b25f993ad9d56741a49e7937718/lwjgl-jemalloc-3.3.1-natives-linux.jar:/home/satanas/.gradle/caches/modules-2/files-2.1/org.lwjgl/lwjgl-openal/3.3.1/2623a6b8ae1dfcd880738656a9f0243d2e6840bd/lwjgl-openal-3.3.1.jar:/home/satanas/.gradle/caches/modules-2/files-2.1/org.lwjgl/lwjgl-openal/3.3.1/f906b6439f6daa66001182ea7727e3467a93681b/lwjgl-openal-3.3.1-natives-linux.jar:/home/satanas/.gradle/caches/modules-2/files-2.1/org.lwjgl/lwjgl-opengl/3.3.1/831a5533a21a5f4f81bbc51bb13e9899319b5411/lwjgl-opengl-3.3.1.jar:/home/satanas/.gradle/caches/modules-2/files-2.1/org.lwjgl/lwjgl-opengl/3.3.1/ab9ab6fde3743e3550fa5d46d785ecb45b047d99/lwjgl-opengl-3.3.1-natives-linux.jar:/home/satanas/.gradle/caches/modules-2/files-2.1/org.lwjgl/lwjgl-glfw/3.3.1/cbac1b8d30cb4795149c1ef540f912671a8616d0/lwjgl-glfw-3.3.1.jar:/home/satanas/.gradle/caches/modules-2/files-2.1/org.lwjgl/lwjgl-glfw/3.3.1/81716978214ecbda15050ca394b06ef61501a49e/lwjgl-glfw-3.3.1-natives-linux.jar:/home/satanas/.gradle/caches/modules-2/files-2.1/org.lwjgl/lwjgl-stb/3.3.1/b119297cf8ed01f247abe8685857f8e7fcf5980f/lwjgl-stb-3.3.1.jar:/home/satanas/.gradle/caches/modules-2/files-2.1/org.lwjgl/lwjgl-stb/3.3.1/3ee7aec8686e52867677110415566a5342a80230/lwjgl-stb-3.3.1-natives-linux.jar:/home/satanas/.gradle/caches/modules-2/files-2.1/org.lwjgl/lwjgl-tinyfd/3.3.1/ff1914111ef2e3e0110ef2dabc8d8cdaad82347/lwjgl-tinyfd-3.3.1.jar:/home/satanas/.gradle/caches/modules-2/files-2.1/org.lwjgl/lwjgl-tinyfd/3.3.1/a35110b9471bea8cde826ab297550ee8c22f5035/lwjgl-tinyfd-3.3.1-natives-linux.jar:/home/satanas/.gradle/caches/modules-2/files-2.1/org.lwjgl/lwjgl/3.3.1/ae58664f88e18a9bb2c77b063833ca7aaec484cb/lwjgl-3.3.1.jar:/home/satanas/.gradle/caches/modules-2/files-2.1/org.lwjgl/lwjgl/3.3.1/1de885aba434f934201b99f2f1afb142036ac189/lwjgl-3.3.1-natives-linux.jar:/home/satanas/.gradle/caches/modules-2/files-2.1/com.mojang/text2speech/1.16.7/ee4095669061d1fe4bce5fea23d69d1520bc2d58/text2speech-1.16.7.jar:/home/satanas/.gradle/caches/modules-2/files-2.1/net.minecraftforge/srgutils/0.4.11/fbad1341ffdb47d276bbdc40ecb06da49e053e74/srgutils-0.4.11.jar:/home/satanas/.gradle/caches/modules-2/files-2.1/org.codehaus.plexus/plexus-utils/3.3.0/cf43b5391de623b36fe066a21127baef82c64022/plexus-utils-3.3.0.jar:/home/satanas/.gradle/caches/modules-2/files-2.1/com.google.guava/listenablefuture/9999.0-empty-to-avoid-conflict-with-guava/b421526c5f297295adef1c886e5246c39d4ac629/listenablefuture-9999.0-empty-to-avoid-conflict-with-guava.jar:/home/satanas/.gradle/caches/modules-2/files-2.1/org.checkerframework/checker-qual/3.12.0/d5692f0526415fcc6de94bb5bfbd3afd9dd3b3e5/checker-qual-3.12.0.jar:/home/satanas/.gradle/caches/modules-2/files-2.1/com.google.errorprone/error_prone_annotations/2.7.1/458d9042f7aa6fa9a634df902b37f544e15aacac/error_prone_annotations-2.7.1.jar:/home/satanas/.gradle/caches/modules-2/files-2.1/com.google.j2objc/j2objc-annotations/1.3/ba035118bc8bac37d7eff77700720999acd9986d/j2objc-annotations-1.3.jar:/home/satanas/.gradle/caches/modules-2/files-2.1/org.antlr/ST4/4.3/92f2c1ad8d84abcbeead6cf7f2c53a04166293c2/ST4-4.3.jar:/home/satanas/.gradle/caches/modules-2/files-2.1/org.antlr/antlr-runtime/3.5.2/cd9cd41361c155f3af0f653009dcecb08d8b4afd/antlr-runtime-3.5.2.jar:/home/satanas/.gradle/caches/modules-2/files-2.1/org.abego.treelayout/org.abego.treelayout.core/1.0.3/457216e8e6578099ae63667bb1e4439235892028/org.abego.treelayout.core-1.0.3.jar:/home/satanas/.gradle/caches/modules-2/files-2.1/org.glassfish/javax.json/1.0.4/3178f73569fd7a1e5ffc464e680f7a8cc784b85a/javax.json-1.0.4.jar)
	at com.sun.jna.NativeLibrary.loadLibrary(NativeLibrary.java:301) ~[jna-platform-5.10.0.jar%23119!/:5.10.0 (b0)]
	at com.sun.jna.NativeLibrary.getInstance(NativeLibrary.java:461) ~[jna-platform-5.10.0.jar%23119!/:5.10.0 (b0)]
	at com.sun.jna.NativeLibrary.getInstance(NativeLibrary.java:403) ~[jna-platform-5.10.0.jar%23119!/:5.10.0 (b0)]
	at com.mojang.text2speech.NarratorLinux$FliteLibrary.loadNative(NarratorLinux.java:67) ~[text2speech-1.16.7.jar%23166!/:?]
	... 19 more
	Suppressed: java.lang.UnsatisfiedLinkError: libflite.so: Ne peut ouvrir le fichier d'objet partagé: Aucun fichier ou dossier de ce nom
		at com.sun.jna.Native.open(Native Method) ~[jna-platform-5.10.0.jar%23119!/:5.10.0 (b0)]
		at com.sun.jna.NativeLibrary.loadLibrary(NativeLibrary.java:191) ~[jna-platform-5.10.0.jar%23119!/:5.10.0 (b0)]
		at com.sun.jna.NativeLibrary.getInstance(NativeLibrary.java:461) ~[jna-platform-5.10.0.jar%23119!/:5.10.0 (b0)]
		at com.sun.jna.NativeLibrary.getInstance(NativeLibrary.java:403) ~[jna-platform-5.10.0.jar%23119!/:5.10.0 (b0)]
		at com.mojang.text2speech.NarratorLinux$FliteLibrary.loadNative(NarratorLinux.java:67) ~[text2speech-1.16.7.jar%23166!/:?]
		at com.mojang.text2speech.NarratorLinux.<init>(NarratorLinux.java:18) ~[text2speech-1.16.7.jar%23166!/:?]
		at com.mojang.text2speech.Narrator.getNarrator(Narrator.java:41) ~[text2speech-1.16.7.jar%23166!/:?]
		at net.minecraft.client.GameNarrator.<init>(GameNarrator.java:19) ~[forge-1.19.2-43.3.0_mapped_official_1.19.2.jar%23178!/:?]
		at net.minecraft.client.Minecraft.<init>(Minecraft.java:570) ~[forge-1.19.2-43.3.0_mapped_official_1.19.2.jar%23178!/:?]
		at net.minecraft.client.main.Main.run(Main.java:176) ~[forge-1.19.2-43.3.0_mapped_official_1.19.2.jar%23178!/:?]
		at net.minecraft.client.main.Main.main(Main.java:51) ~[forge-1.19.2-43.3.0_mapped_official_1.19.2.jar%23178!/:?]
		at jdk.internal.reflect.NativeMethodAccessorImpl.invoke0(Native Method) ~[?:?]
		at jdk.internal.reflect.NativeMethodAccessorImpl.invoke(NativeMethodAccessorImpl.java:77) ~[?:?]
		at jdk.internal.reflect.DelegatingMethodAccessorImpl.invoke(DelegatingMethodAccessorImpl.java:43) ~[?:?]
		at java.lang.reflect.Method.invoke(Method.java:569) ~[?:?]
		at net.minecraftforge.fml.loading.targets.ForgeClientUserdevLaunchHandler.lambda$launchService$0(ForgeClientUserdevLaunchHandler.java:25) ~[fmlloader-1.19.2-43.3.0.jar%2389!/:?]
		at cpw.mods.modlauncher.LaunchServiceHandlerDecorator.launch(LaunchServiceHandlerDecorator.java:30) [modlauncher-10.0.9.jar%23102!/:?]
		at cpw.mods.modlauncher.LaunchServiceHandler.launch(LaunchServiceHandler.java:53) [modlauncher-10.0.9.jar%23102!/:?]
		at cpw.mods.modlauncher.LaunchServiceHandler.launch(LaunchServiceHandler.java:71) [modlauncher-10.0.9.jar%23102!/:?]
		at cpw.mods.modlauncher.Launcher.run(Launcher.java:108) [modlauncher-10.0.9.jar%23102!/:?]
		at cpw.mods.modlauncher.Launcher.main(Launcher.java:78) [modlauncher-10.0.9.jar%23102!/:?]
		at cpw.mods.modlauncher.BootstrapLaunchConsumer.accept(BootstrapLaunchConsumer.java:26) [modlauncher-10.0.9.jar%23102!/:?]
		at cpw.mods.modlauncher.BootstrapLaunchConsumer.accept(BootstrapLaunchConsumer.java:23) [modlauncher-10.0.9.jar%23102!/:?]
		at cpw.mods.bootstraplauncher.BootstrapLauncher.main(BootstrapLauncher.java:141) [bootstraplauncher-1.1.2.jar:?]
	Suppressed: java.lang.UnsatisfiedLinkError: libflite.so: Ne peut ouvrir le fichier d'objet partagé: Aucun fichier ou dossier de ce nom
		at com.sun.jna.Native.open(Native Method) ~[jna-platform-5.10.0.jar%23119!/:5.10.0 (b0)]
		at com.sun.jna.NativeLibrary.loadLibrary(NativeLibrary.java:204) ~[jna-platform-5.10.0.jar%23119!/:5.10.0 (b0)]
		at com.sun.jna.NativeLibrary.getInstance(NativeLibrary.java:461) ~[jna-platform-5.10.0.jar%23119!/:5.10.0 (b0)]
		at com.sun.jna.NativeLibrary.getInstance(NativeLibrary.java:403) ~[jna-platform-5.10.0.jar%23119!/:5.10.0 (b0)]
		at com.mojang.text2speech.NarratorLinux$FliteLibrary.loadNative(NarratorLinux.java:67) ~[text2speech-1.16.7.jar%23166!/:?]
		at com.mojang.text2speech.NarratorLinux.<init>(NarratorLinux.java:18) ~[text2speech-1.16.7.jar%23166!/:?]
		at com.mojang.text2speech.Narrator.getNarrator(Narrator.java:41) ~[text2speech-1.16.7.jar%23166!/:?]
		at net.minecraft.client.GameNarrator.<init>(GameNarrator.java:19) ~[forge-1.19.2-43.3.0_mapped_official_1.19.2.jar%23178!/:?]
		at net.minecraft.client.Minecraft.<init>(Minecraft.java:570) ~[forge-1.19.2-43.3.0_mapped_official_1.19.2.jar%23178!/:?]
		at net.minecraft.client.main.Main.run(Main.java:176) ~[forge-1.19.2-43.3.0_mapped_official_1.19.2.jar%23178!/:?]
		at net.minecraft.client.main.Main.main(Main.java:51) ~[forge-1.19.2-43.3.0_mapped_official_1.19.2.jar%23178!/:?]
		at jdk.internal.reflect.NativeMethodAccessorImpl.invoke0(Native Method) ~[?:?]
		at jdk.internal.reflect.NativeMethodAccessorImpl.invoke(NativeMethodAccessorImpl.java:77) ~[?:?]
		at jdk.internal.reflect.DelegatingMethodAccessorImpl.invoke(DelegatingMethodAccessorImpl.java:43) ~[?:?]
		at java.lang.reflect.Method.invoke(Method.java:569) ~[?:?]
		at net.minecraftforge.fml.loading.targets.ForgeClientUserdevLaunchHandler.lambda$launchService$0(ForgeClientUserdevLaunchHandler.java:25) ~[fmlloader-1.19.2-43.3.0.jar%2389!/:?]
		at cpw.mods.modlauncher.LaunchServiceHandlerDecorator.launch(LaunchServiceHandlerDecorator.java:30) [modlauncher-10.0.9.jar%23102!/:?]
		at cpw.mods.modlauncher.LaunchServiceHandler.launch(LaunchServiceHandler.java:53) [modlauncher-10.0.9.jar%23102!/:?]
		at cpw.mods.modlauncher.LaunchServiceHandler.launch(LaunchServiceHandler.java:71) [modlauncher-10.0.9.jar%23102!/:?]
		at cpw.mods.modlauncher.Launcher.run(Launcher.java:108) [modlauncher-10.0.9.jar%23102!/:?]
		at cpw.mods.modlauncher.Launcher.main(Launcher.java:78) [modlauncher-10.0.9.jar%23102!/:?]
		at cpw.mods.modlauncher.BootstrapLaunchConsumer.accept(BootstrapLaunchConsumer.java:26) [modlauncher-10.0.9.jar%23102!/:?]
		at cpw.mods.modlauncher.BootstrapLaunchConsumer.accept(BootstrapLaunchConsumer.java:23) [modlauncher-10.0.9.jar%23102!/:?]
		at cpw.mods.bootstraplauncher.BootstrapLauncher.main(BootstrapLauncher.java:141) [bootstraplauncher-1.1.2.jar:?]
	Suppressed: java.io.IOException: Native library (linux-x86-64/libflite.so) not found in resource path (/run/media/satanas/data/codage-new/mods/mc/forge/1.19.2/cheat/build/classes/java/main:/run/media/satanas/data/codage-new/mods/mc/forge/1.19.2/cheat/build/resources/main:/home/satanas/.gradle/caches/forge_gradle/minecraft_user_repo/net/minecraftforge/forge/1.19.2-43.3.0_mapped_official_1.19.2/forge-1.19.2-43.3.0_mapped_official_1.19.2.jar:/home/satanas/.gradle/caches/forge_gradle/minecraft_repo/versions/1.19.2/client-extra.jar:/home/satanas/.gradle/caches/modules-2/files-2.1/net.minecraftforge/javafmllanguage/1.19.2-43.3.0/2edd99fb09dd01b6487188e8da2ce4b034d79217/javafmllanguage-1.19.2-43.3.0.jar:/home/satanas/.gradle/caches/modules-2/files-2.1/net.minecraftforge/lowcodelanguage/1.19.2-43.3.0/5facdae56496bfc1ea0e1dbe1385463d7aa7bc69/lowcodelanguage-1.19.2-43.3.0.jar:/home/satanas/.gradle/caches/modules-2/files-2.1/net.minecraftforge/mclanguage/1.19.2-43.3.0/3da09fccf425982d55412b36aaffe711fcff8740/mclanguage-1.19.2-43.3.0.jar:/home/satanas/.gradle/caches/modules-2/files-2.1/net.minecraftforge/fmlcore/1.19.2-43.3.0/5db2801308d3c89c8ef4750f3d8a402a8d3a7522/fmlcore-1.19.2-43.3.0.jar:/home/satanas/.gradle/caches/modules-2/files-2.1/net.minecraftforge/fmlloader/1.19.2-43.3.0/daf431c3a88b84dbbd5df2c8abc1d2deb51094a6/fmlloader-1.19.2-43.3.0.jar:/home/satanas/.gradle/caches/modules-2/files-2.1/net.minecraftforge/JarJarSelector/0.3.16/2a31421fb5e267249da103a644f23afb43d158af/JarJarSelector-0.3.16.jar:/home/satanas/.gradle/caches/modules-2/files-2.1/net.minecraftforge/JarJarMetadata/0.3.16/f62c8c898dffc8666f5097a8587ed72095e8e83a/JarJarMetadata-0.3.16.jar:/home/satanas/.gradle/caches/modules-2/files-2.1/com.google.guava/guava/31.0.1-jre/119ea2b2bc205b138974d351777b20f02b92704b/guava-31.0.1-jre.jar:/home/satanas/.gradle/caches/modules-2/files-2.1/com.google.code.findbugs/jsr305/3.0.2/25ea2e8b0c338a877313bd4672d3fe056ea78f0d/jsr305-3.0.2.jar:/home/satanas/.gradle/caches/modules-2/files-2.1/ca.weblite/java-objc-bridge/1.1/1227f9e0666314f9de41477e3ec277e542ed7f7b/java-objc-bridge-1.1.jar:/home/satanas/.gradle/caches/modules-2/files-2.1/net.minecraftforge/mergetool/1.1.5/f3da18e12c696d35a47c82cbb2cc8b5aa15e1154/mergetool-1.1.5-api.jar:/home/satanas/.gradle/caches/modules-2/files-2.1/org.jetbrains/annotations/23.0.0/8cc20c07506ec18e0834947b84a864bfc094484e/annotations-23.0.0.jar:/home/satanas/.gradle/caches/forge_gradle/mcp_repo/net/minecraft/mapping/1.19.2/mapping-1.19.2-mapping.zip:/home/satanas/.gradle/caches/modules-2/files-2.1/net.minecraftforge/coremods/5.0.1/386b00279628b105b2d507539c46e134e96f6237/coremods-5.0.1.jar:/home/satanas/.gradle/caches/modules-2/files-2.1/net.minecraftforge/forgespi/6.0.0/4a2004591666531f8b30d3402317b1ff6411bd3e/forgespi-6.0.0.jar:/home/satanas/.gradle/caches/modules-2/files-2.1/cpw.mods/bootstraplauncher/1.1.2/c546e00443d8432cda6baa1c860346980742628/bootstraplauncher-1.1.2.jar:/home/satanas/.gradle/caches/modules-2/files-2.1/net.minecraftforge/accesstransformers/8.0.4/272d240aa73f42195b2a68e2ebd8b701ecf41f63/accesstransformers-8.0.4.jar:/home/satanas/.gradle/caches/modules-2/files-2.1/net.minecraftforge/eventbus/6.0.3/42fe522ace1bbcbcbba9c880c42411857baf36a9/eventbus-6.0.3.jar:/home/satanas/.gradle/caches/modules-2/files-2.1/cpw.mods/modlauncher/10.0.9/6d9443f56f50bb85cea383686ff9c867391458b/modlauncher-10.0.9.jar:/home/satanas/.gradle/caches/modules-2/files-2.1/cpw.mods/securejarhandler/2.1.4/f47e3b9dd860a7b82154b8f90a650ffd0aaa5582/securejarhandler-2.1.4.jar:/home/satanas/.gradle/caches/modules-2/files-2.1/org.openjdk.nashorn/nashorn-core/15.3/43977e804697048fc8d81d333a36c17d07a5b3dd/nashorn-core-15.3.jar:/home/satanas/.gradle/caches/modules-2/files-2.1/org.ow2.asm/asm-commons/9.5/19ab5b5800a3910d30d3a3e64fdb00fd0cb42de0/asm-commons-9.5.jar:/home/satanas/.gradle/caches/modules-2/files-2.1/org.ow2.asm/asm-util/9.5/64b5a1fc8c1b15ed2efd6a063e976bc8d3dc5ffe/asm-util-9.5.jar:/home/satanas/.gradle/caches/modules-2/files-2.1/org.ow2.asm/asm-analysis/9.5/490bacc77de7cbc0be1a30bb3471072d705be4a4/asm-analysis-9.5.jar:/home/satanas/.gradle/caches/modules-2/files-2.1/org.ow2.asm/asm-tree/9.5/fd33c8b6373abaa675be407082fdfda35021254a/asm-tree-9.5.jar:/home/satanas/.gradle/caches/modules-2/files-2.1/org.ow2.asm/asm/9.5/dc6ea1875f4d64fbc85e1691c95b96a3d8569c90/asm-9.5.jar:/home/satanas/.gradle/caches/modules-2/files-2.1/org.antlr/antlr4/4.9.1/e92af8ab33e428461927b484e90bb155a4f3a052/antlr4-4.9.1.jar:/home/satanas/.gradle/caches/modules-2/files-2.1/org.antlr/antlr4-runtime/4.9.1/428664f05d2b7f7b7610204b5aa7c1763f62011a/antlr4-runtime-4.9.1.jar:/home/satanas/.gradle/caches/modules-2/files-2.1/net.minecraftforge/unsafe/0.2.0/54d7a0a5e8fdb71b973025caa46f341ae5904f39/unsafe-0.2.0.jar:/home/satanas/.gradle/caches/modules-2/files-2.1/com.electronwill.night-config/toml/3.6.4/51d6cefb2b55ee55ee26b16391212fb2c7dfb4f4/toml-3.6.4.jar:/home/satanas/.gradle/caches/modules-2/files-2.1/com.electronwill.night-config/core/3.6.4/510f174abbf1c947494db50ef2445683bd52c230/core-3.6.4.jar:/home/satanas/.gradle/caches/modules-2/files-2.1/org.apache.maven/maven-artifact/3.8.5/4433f50c07debefaed0553bd0068f4f48d449313/maven-artifact-3.8.5.jar:/home/satanas/.gradle/caches/modules-2/files-2.1/net.jodah/typetools/0.8.3/98f84f353457629e81cc6827224871b1a8faa7af/typetools-0.8.3.jar:/home/satanas/.gradle/caches/modules-2/files-2.1/net.minecrell/terminalconsoleappender/1.2.0/96d02cd3b384ff015a8fef4223bcb4ccf1717c95/terminalconsoleappender-1.2.0.jar:/home/satanas/.gradle/caches/modules-2/files-2.1/org.jline/jline-reader/3.12.1/4382ab1382c7b6f379377ed5f665dc2f6e1218bc/jline-reader-3.12.1.jar:/home/satanas/.gradle/caches/modules-2/files-2.1/org.jline/jline-terminal/3.12.1/c777448314e050d980a6b697c140f3bfe9eb7416/jline-terminal-3.12.1.jar:/home/satanas/.gradle/caches/modules-2/files-2.1/org.spongepowered/mixin/0.8.5/9d1c0c3a304ae6697ecd477218fa61b850bf57fc/mixin-0.8.5.jar:/home/satanas/.gradle/caches/modules-2/files-2.1/net.minecraftforge/JarJarFileSystems/0.3.16/e52afbb2599dc7c6f779efea0496d32fc01152e3/JarJarFileSystems-0.3.16.jar:/home/satanas/.gradle/caches/modules-2/files-2.1/com.mojang/logging/1.0.0/f6ca3b2eee0b80b384e8ed93d368faecb82dfb9b/logging-1.0.0.jar:/home/satanas/.gradle/caches/modules-2/files-2.1/com.mojang/blocklist/1.0.10/5c685c5ffa94c4cd39496c7184c1d122e515ecef/blocklist-1.0.10.jar:/home/satanas/.gradle/caches/modules-2/files-2.1/com.mojang/patchy/2.2.10/da05971b07cbb379d002cf7eaec6a2048211fefc/patchy-2.2.10.jar:/home/satanas/.gradle/caches/modules-2/files-2.1/com.github.oshi/oshi-core/5.8.5/1d0ec654d820741327f5a9229d513732a4b7ce50/oshi-core-5.8.5.jar:/home/satanas/.gradle/caches/modules-2/files-2.1/net.java.dev.jna/jna-platform/5.10.0/fbed7d9669dba47714ad0d4f4454290a997aee69/jna-platform-5.10.0.jar:/home/satanas/.gradle/caches/modules-2/files-2.1/net.java.dev.jna/jna/5.10.0/7cf4c87dd802db50721db66947aa237d7ad09418/jna-5.10.0.jar:/home/satanas/.gradle/caches/modules-2/files-2.1/org.apache.logging.log4j/log4j-slf4j18-impl/2.17.0/bd7f6c0b9224dd214afb4e684957e2349b529a8d/log4j-slf4j18-impl-2.17.0.jar:/home/satanas/.gradle/caches/modules-2/files-2.1/com.machinezoo.noexception/noexception/1.7.1/b65330c98e38a1f915fa54a6e5eca496505e3f0a/noexception-1.7.1.jar:/home/satanas/.gradle/caches/modules-2/files-2.1/org.slf4j/slf4j-simple/1.7.30/e606eac955f55ecf1d8edcccba04eb8ac98088dd/slf4j-simple-1.7.30.jar:/home/satanas/.gradle/caches/modules-2/files-2.1/org.slf4j/slf4j-api/1.8.0-beta4/83b0359d847ee053d745be7ec0d8e9e8a44304b4/slf4j-api-1.8.0-beta4.jar:/home/satanas/.gradle/caches/modules-2/files-2.1/com.ibm.icu/icu4j/70.1/dfa3a1fbc55bf5db8c6e79fc0935ac7ab1202950/icu4j-70.1.jar:/home/satanas/.gradle/caches/modules-2/files-2.1/com.mojang/javabridge/1.2.24/c876796229b2ef5120f186eab5acc870699d3b9/javabridge-1.2.24.jar:/home/satanas/.gradle/caches/modules-2/files-2.1/net.sf.jopt-simple/jopt-simple/5.0.4/4fdac2fbe92dfad86aa6e9301736f6b4342a3f5c/jopt-simple-5.0.4.jar:/home/satanas/.gradle/caches/modules-2/files-2.1/io.netty/netty-handler/4.1.77.Final/47a81089de03635a27f509f3e4e13386ae1db275/netty-handler-4.1.77.Final.jar:/home/satanas/.gradle/caches/modules-2/files-2.1/io.netty/netty-codec/4.1.77.Final/4efc5f59335301d6ba0d7cd31dd10651119b03c8/netty-codec-4.1.77.Final.jar:/home/satanas/.gradle/caches/modules-2/files-2.1/io.netty/netty-transport-native-epoll/4.1.77.Final/8d10e9e138dac52172dd83229bdc89197100c723/netty-transport-native-epoll-4.1.77.Final-linux-x86_64.jar:/home/satanas/.gradle/caches/modules-2/files-2.1/io.netty/netty-transport-native-epoll/4.1.77.Final/5f051599ced83e119ddeda891f471c0613721e5c/netty-transport-native-epoll-4.1.77.Final-linux-aarch_64.jar:/home/satanas/.gradle/caches/modules-2/files-2.1/io.netty/netty-transport-classes-epoll/4.1.77.Final/dd70dbccbcf98382223a59044f3c08d8e9920cad/netty-transport-classes-epoll-4.1.77.Final.jar:/home/satanas/.gradle/caches/modules-2/files-2.1/io.netty/netty-transport-native-unix-common/4.1.77.Final/c95d53486414b3270d08057957c5da8e0c37e4eb/netty-transport-native-unix-common-4.1.77.Final.jar:/home/satanas/.gradle/caches/modules-2/files-2.1/io.netty/netty-transport/4.1.77.Final/2a3373bbd20d520c821f210bd5ee886788512043/netty-transport-4.1.77.Final.jar:/home/satanas/.gradle/caches/modules-2/files-2.1/io.netty/netty-buffer/4.1.77.Final/d97571f99e5e739d86824d0df99f35d295276b5f/netty-buffer-4.1.77.Final.jar:/home/satanas/.gradle/caches/modules-2/files-2.1/io.netty/netty-resolver/4.1.77.Final/4a239dbf8d8bb5f98aa51462c35011c0516395fd/netty-resolver-4.1.77.Final.jar:/home/satanas/.gradle/caches/modules-2/files-2.1/io.netty/netty-common/4.1.77.Final/ea0fc20f4e6178966b9d62017b7fcb83dfe0e713/netty-common-4.1.77.Final.jar:/home/satanas/.gradle/caches/modules-2/files-2.1/com.google.guava/failureaccess/1.0.1/1dcf1de382a0bf95a3d8b0849546c88bac1292c9/failureaccess-1.0.1.jar:/home/satanas/.gradle/caches/modules-2/files-2.1/org.apache.commons/commons-lang3/3.12.0/c6842c86792ff03b9f1d1fe2aab8dc23aa6c6f0e/commons-lang3-3.12.0.jar:/home/satanas/.gradle/caches/modules-2/files-2.1/commons-io/commons-io/2.11.0/a2503f302b11ebde7ebc3df41daebe0e4eea3689/commons-io-2.11.0.jar:/home/satanas/.gradle/caches/modules-2/files-2.1/org.apache.httpcomponents/httpclient/4.5.13/e5f6cae5ca7ecaac1ec2827a9e2d65ae2869cada/httpclient-4.5.13.jar:/home/satanas/.gradle/caches/modules-2/files-2.1/commons-codec/commons-codec/1.15/49d94806b6e3dc933dacbd8acb0fdbab8ebd1e5d/commons-codec-1.15.jar:/home/satanas/.gradle/caches/modules-2/files-2.1/com.mojang/brigadier/1.0.18/c1ef1234282716483c92183f49bef47b1a89bfa9/brigadier-1.0.18.jar:/home/satanas/.gradle/caches/modules-2/files-2.1/com.mojang/datafixerupper/5.0.28/e2157e236e529aff80a5fc3ccb506e56d46b130b/datafixerupper-5.0.28.jar:/home/satanas/.gradle/caches/modules-2/files-2.1/com.google.code.gson/gson/2.8.9/8a432c1d6825781e21a02db2e2c33c5fde2833b9/gson-2.8.9.jar:/home/satanas/.gradle/caches/modules-2/files-2.1/com.mojang/authlib/3.11.49/2e3055ec2a017c7f94b79744b4a68b65695a118c/authlib-3.11.49.jar:/home/satanas/.gradle/caches/modules-2/files-2.1/org.apache.commons/commons-compress/1.21/4ec95b60d4e86b5c95a0e919cb172a0af98011ef/commons-compress-1.21.jar:/home/satanas/.gradle/caches/modules-2/files-2.1/commons-logging/commons-logging/1.2/4bfc12adfe4842bf07b657f0369c4cb522955686/commons-logging-1.2.jar:/home/satanas/.gradle/caches/modules-2/files-2.1/org.apache.httpcomponents/httpcore/4.4.14/9dd1a631c082d92ecd4bd8fd4cf55026c720a8c1/httpcore-4.4.14.jar:/home/satanas/.gradle/caches/modules-2/files-2.1/it.unimi.dsi/fastutil/8.5.6/76f95700418a68fbc4ac050525261f05dc681ca1/fastutil-8.5.6.jar:/home/satanas/.gradle/caches/modules-2/files-2.1/org.apache.logging.log4j/log4j-core/2.17.1/779f60f3844dadc3ef597976fcb1e5127b1f343d/log4j-core-2.17.1.jar:/home/satanas/.gradle/caches/modules-2/files-2.1/org.apache.logging.log4j/log4j-api/2.17.1/d771af8e336e372fb5399c99edabe0919aeaf5b2/log4j-api-2.17.1.jar:/home/satanas/.gradle/caches/modules-2/files-2.1/org.lwjgl/lwjgl-jemalloc/3.3.1/a817bcf213db49f710603677457567c37d53e103/lwjgl-jemalloc-3.3.1.jar:/home/satanas/.gradle/caches/modules-2/files-2.1/org.lwjgl/lwjgl-jemalloc/3.3.1/33dbb017b6ed6b25f993ad9d56741a49e7937718/lwjgl-jemalloc-3.3.1-natives-linux.jar:/home/satanas/.gradle/caches/modules-2/files-2.1/org.lwjgl/lwjgl-openal/3.3.1/2623a6b8ae1dfcd880738656a9f0243d2e6840bd/lwjgl-openal-3.3.1.jar:/home/satanas/.gradle/caches/modules-2/files-2.1/org.lwjgl/lwjgl-openal/3.3.1/f906b6439f6daa66001182ea7727e3467a93681b/lwjgl-openal-3.3.1-natives-linux.jar:/home/satanas/.gradle/caches/modules-2/files-2.1/org.lwjgl/lwjgl-opengl/3.3.1/831a5533a21a5f4f81bbc51bb13e9899319b5411/lwjgl-opengl-3.3.1.jar:/home/satanas/.gradle/caches/modules-2/files-2.1/org.lwjgl/lwjgl-opengl/3.3.1/ab9ab6fde3743e3550fa5d46d785ecb45b047d99/lwjgl-opengl-3.3.1-natives-linux.jar:/home/satanas/.gradle/caches/modules-2/files-2.1/org.lwjgl/lwjgl-glfw/3.3.1/cbac1b8d30cb4795149c1ef540f912671a8616d0/lwjgl-glfw-3.3.1.jar:/home/satanas/.gradle/caches/modules-2/files-2.1/org.lwjgl/lwjgl-glfw/3.3.1/81716978214ecbda15050ca394b06ef61501a49e/lwjgl-glfw-3.3.1-natives-linux.jar:/home/satanas/.gradle/caches/modules-2/files-2.1/org.lwjgl/lwjgl-stb/3.3.1/b119297cf8ed01f247abe8685857f8e7fcf5980f/lwjgl-stb-3.3.1.jar:/home/satanas/.gradle/caches/modules-2/files-2.1/org.lwjgl/lwjgl-stb/3.3.1/3ee7aec8686e52867677110415566a5342a80230/lwjgl-stb-3.3.1-natives-linux.jar:/home/satanas/.gradle/caches/modules-2/files-2.1/org.lwjgl/lwjgl-tinyfd/3.3.1/ff1914111ef2e3e0110ef2dabc8d8cdaad82347/lwjgl-tinyfd-3.3.1.jar:/home/satanas/.gradle/caches/modules-2/files-2.1/org.lwjgl/lwjgl-tinyfd/3.3.1/a35110b9471bea8cde826ab297550ee8c22f5035/lwjgl-tinyfd-3.3.1-natives-linux.jar:/home/satanas/.gradle/caches/modules-2/files-2.1/org.lwjgl/lwjgl/3.3.1/ae58664f88e18a9bb2c77b063833ca7aaec484cb/lwjgl-3.3.1.jar:/home/satanas/.gradle/caches/modules-2/files-2.1/org.lwjgl/lwjgl/3.3.1/1de885aba434f934201b99f2f1afb142036ac189/lwjgl-3.3.1-natives-linux.jar:/home/satanas/.gradle/caches/modules-2/files-2.1/com.mojang/text2speech/1.16.7/ee4095669061d1fe4bce5fea23d69d1520bc2d58/text2speech-1.16.7.jar:/home/satanas/.gradle/caches/modules-2/files-2.1/net.minecraftforge/srgutils/0.4.11/fbad1341ffdb47d276bbdc40ecb06da49e053e74/srgutils-0.4.11.jar:/home/satanas/.gradle/caches/modules-2/files-2.1/org.codehaus.plexus/plexus-utils/3.3.0/cf43b5391de623b36fe066a21127baef82c64022/plexus-utils-3.3.0.jar:/home/satanas/.gradle/caches/modules-2/files-2.1/com.google.guava/listenablefuture/9999.0-empty-to-avoid-conflict-with-guava/b421526c5f297295adef1c886e5246c39d4ac629/listenablefuture-9999.0-empty-to-avoid-conflict-with-guava.jar:/home/satanas/.gradle/caches/modules-2/files-2.1/org.checkerframework/checker-qual/3.12.0/d5692f0526415fcc6de94bb5bfbd3afd9dd3b3e5/checker-qual-3.12.0.jar:/home/satanas/.gradle/caches/modules-2/files-2.1/com.google.errorprone/error_prone_annotations/2.7.1/458d9042f7aa6fa9a634df902b37f544e15aacac/error_prone_annotations-2.7.1.jar:/home/satanas/.gradle/caches/modules-2/files-2.1/com.google.j2objc/j2objc-annotations/1.3/ba035118bc8bac37d7eff77700720999acd9986d/j2objc-annotations-1.3.jar:/home/satanas/.gradle/caches/modules-2/files-2.1/org.antlr/ST4/4.3/92f2c1ad8d84abcbeead6cf7f2c53a04166293c2/ST4-4.3.jar:/home/satanas/.gradle/caches/modules-2/files-2.1/org.antlr/antlr-runtime/3.5.2/cd9cd41361c155f3af0f653009dcecb08d8b4afd/antlr-runtime-3.5.2.jar:/home/satanas/.gradle/caches/modules-2/files-2.1/org.abego.treelayout/org.abego.treelayout.core/1.0.3/457216e8e6578099ae63667bb1e4439235892028/org.abego.treelayout.core-1.0.3.jar:/home/satanas/.gradle/caches/modules-2/files-2.1/org.glassfish/javax.json/1.0.4/3178f73569fd7a1e5ffc464e680f7a8cc784b85a/javax.json-1.0.4.jar)
		at com.sun.jna.Native.extractFromResourcePath(Native.java:1145) ~[jna-platform-5.10.0.jar%23119!/:5.10.0 (b0)]
		at com.sun.jna.NativeLibrary.loadLibrary(NativeLibrary.java:275) ~[jna-platform-5.10.0.jar%23119!/:5.10.0 (b0)]
		at com.sun.jna.NativeLibrary.getInstance(NativeLibrary.java:461) ~[jna-platform-5.10.0.jar%23119!/:5.10.0 (b0)]
		at com.sun.jna.NativeLibrary.getInstance(NativeLibrary.java:403) ~[jna-platform-5.10.0.jar%23119!/:5.10.0 (b0)]
		at com.mojang.text2speech.NarratorLinux$FliteLibrary.loadNative(NarratorLinux.java:67) ~[text2speech-1.16.7.jar%23166!/:?]
		at com.mojang.text2speech.NarratorLinux.<init>(NarratorLinux.java:18) ~[text2speech-1.16.7.jar%23166!/:?]
		at com.mojang.text2speech.Narrator.getNarrator(Narrator.java:41) ~[text2speech-1.16.7.jar%23166!/:?]
		at net.minecraft.client.GameNarrator.<init>(GameNarrator.java:19) ~[forge-1.19.2-43.3.0_mapped_official_1.19.2.jar%23178!/:?]
		at net.minecraft.client.Minecraft.<init>(Minecraft.java:570) ~[forge-1.19.2-43.3.0_mapped_official_1.19.2.jar%23178!/:?]
		at net.minecraft.client.main.Main.run(Main.java:176) ~[forge-1.19.2-43.3.0_mapped_official_1.19.2.jar%23178!/:?]
		at net.minecraft.client.main.Main.main(Main.java:51) ~[forge-1.19.2-43.3.0_mapped_official_1.19.2.jar%23178!/:?]
		at jdk.internal.reflect.NativeMethodAccessorImpl.invoke0(Native Method) ~[?:?]
		at jdk.internal.reflect.NativeMethodAccessorImpl.invoke(NativeMethodAccessorImpl.java:77) ~[?:?]
		at jdk.internal.reflect.DelegatingMethodAccessorImpl.invoke(DelegatingMethodAccessorImpl.java:43) ~[?:?]
		at java.lang.reflect.Method.invoke(Method.java:569) ~[?:?]
		at net.minecraftforge.fml.loading.targets.ForgeClientUserdevLaunchHandler.lambda$launchService$0(ForgeClientUserdevLaunchHandler.java:25) ~[fmlloader-1.19.2-43.3.0.jar%2389!/:?]
		at cpw.mods.modlauncher.LaunchServiceHandlerDecorator.launch(LaunchServiceHandlerDecorator.java:30) [modlauncher-10.0.9.jar%23102!/:?]
		at cpw.mods.modlauncher.LaunchServiceHandler.launch(LaunchServiceHandler.java:53) [modlauncher-10.0.9.jar%23102!/:?]
		at cpw.mods.modlauncher.LaunchServiceHandler.launch(LaunchServiceHandler.java:71) [modlauncher-10.0.9.jar%23102!/:?]
		at cpw.mods.modlauncher.Launcher.run(Launcher.java:108) [modlauncher-10.0.9.jar%23102!/:?]
		at cpw.mods.modlauncher.Launcher.main(Launcher.java:78) [modlauncher-10.0.9.jar%23102!/:?]
		at cpw.mods.modlauncher.BootstrapLaunchConsumer.accept(BootstrapLaunchConsumer.java:26) [modlauncher-10.0.9.jar%23102!/:?]
		at cpw.mods.modlauncher.BootstrapLaunchConsumer.accept(BootstrapLaunchConsumer.java:23) [modlauncher-10.0.9.jar%23102!/:?]
		at cpw.mods.bootstraplauncher.BootstrapLauncher.main(BootstrapLauncher.java:141) [bootstraplauncher-1.1.2.jar:?]
[23sept.2026 21:13:06.946] [Render thread/INFO] [net.minecraft.server.packs.resources.ReloadableResourceManager/]: Reloading ResourceManager: Default, Mod Resources
[23sept.2026 21:13:06.992] [modloading-worker-0/DEBUG] [net.minecraftforge.fml.config.ConfigTracker/CONFIG]: Loading configs type CLIENT
[23sept.2026 21:13:06.998] [modloading-worker-0/DEBUG] [net.minecraftforge.fml.config.ConfigFileTypeHandler/CONFIG]: Built TOML config for /run/media/satanas/data/codage-new/mods/mc/forge/1.19.2/cheat/run/config/forge-client.toml
[23sept.2026 21:13:07.003] [modloading-worker-0/DEBUG] [net.minecraftforge.fml.config.ConfigFileTypeHandler/CONFIG]: Loaded TOML config file /run/media/satanas/data/codage-new/mods/mc/forge/1.19.2/cheat/run/config/forge-client.toml
[23sept.2026 21:13:07.009] [modloading-worker-0/DEBUG] [net.minecraftforge.fml.config.ConfigFileTypeHandler/CONFIG]: Watching TOML config file /run/media/satanas/data/codage-new/mods/mc/forge/1.19.2/cheat/run/config/forge-client.toml for changes
[23sept.2026 21:13:07.026] [modloading-worker-0/DEBUG] [net.minecraftforge.common.ForgeConfig/FORGEMOD]: Loaded forge config file forge-client.toml
[23sept.2026 21:13:07.028] [modloading-worker-0/DEBUG] [net.minecraftforge.fml.config.ConfigTracker/CONFIG]: Loading configs type COMMON
[23sept.2026 21:13:07.029] [modloading-worker-0/DEBUG] [net.minecraftforge.fml.config.ConfigFileTypeHandler/CONFIG]: Built TOML config for /run/media/satanas/data/codage-new/mods/mc/forge/1.19.2/cheat/run/config/forge-common.toml
[23sept.2026 21:13:07.028] [Thread-0/DEBUG] [net.minecraftforge.fml.config.ConfigFileTypeHandler/CONFIG]: Config file forge-client.toml changed, sending notifies
[23sept.2026 21:13:07.033] [Thread-0/DEBUG] [net.minecraftforge.common.ForgeConfig/FORGEMOD]: Forge config just got changed on the file system!
[23sept.2026 21:13:07.036] [modloading-worker-0/DEBUG] [net.minecraftforge.fml.config.ConfigFileTypeHandler/CONFIG]: Loaded TOML config file /run/media/satanas/data/codage-new/mods/mc/forge/1.19.2/cheat/run/config/forge-common.toml
[23sept.2026 21:13:07.036] [Thread-0/DEBUG] [net.minecraftforge.fml.config.ConfigFileTypeHandler/CONFIG]: Config file forge-client.toml changed, sending notifies
[23sept.2026 21:13:07.038] [modloading-worker-0/DEBUG] [net.minecraftforge.fml.config.ConfigFileTypeHandler/CONFIG]: Watching TOML config file /run/media/satanas/data/codage-new/mods/mc/forge/1.19.2/cheat/run/config/forge-common.toml for changes
[23sept.2026 21:13:07.039] [modloading-worker-0/DEBUG] [net.minecraftforge.common.ForgeConfig/FORGEMOD]: Loaded forge config file forge-common.toml
[23sept.2026 21:13:07.038] [Thread-0/DEBUG] [net.minecraftforge.common.ForgeConfig/FORGEMOD]: Forge config just got changed on the file system!
[23sept.2026 21:13:07.042] [Thread-0/DEBUG] [net.minecraftforge.fml.config.ConfigFileTypeHandler/CONFIG]: Config file forge-common.toml changed, sending notifies
[23sept.2026 21:13:07.042] [Thread-0/DEBUG] [net.minecraftforge.common.ForgeConfig/FORGEMOD]: Forge config just got changed on the file system!
[23sept.2026 21:13:07.044] [Thread-0/DEBUG] [net.minecraftforge.fml.config.ConfigFileTypeHandler/CONFIG]: Config file forge-common.toml changed, sending notifies
[23sept.2026 21:13:07.051] [Thread-0/DEBUG] [net.minecraftforge.common.ForgeConfig/FORGEMOD]: Forge config just got changed on the file system!
[23sept.2026 21:13:07.708] [Forge Version Check/INFO] [net.minecraftforge.fml.VersionChecker/]: [forge] Starting version check at https://files.minecraftforge.net/net/minecraftforge/forge/promotions_slim.json
[23sept.2026 21:13:08.782] [Forge Version Check/DEBUG] [net.minecraftforge.fml.VersionChecker/]: [forge] Received version check data:
{
  "homepage": "https://files.minecraftforge.net/net/minecraftforge/forge/",
  "promos": {
    "1.1-latest": "1.3.4.29",
    "1.2.3-latest": "1.4.1.64",
    "1.2.4-latest": "2.0.0.68",
    "1.2.5-latest": "3.4.9.171",
    "1.3.2-latest": "4.3.5.318",
    "1.4.0-latest": "5.0.0.326",
    "1.4.1-latest": "6.0.0.329",
    "1.4.2-latest": "6.0.1.355",
    "1.4.3-latest": "6.2.1.358",
    "1.4.4-latest": "6.3.0.378",
    "1.4.5-latest": "6.4.2.448",
    "1.4.6-latest": "6.5.0.489",
    "1.4.7-latest": "6.6.2.534",
    "1.5-latest": "7.7.0.598",
    "1.5.1-latest": "7.7.2.682",
    "1.5.2-latest": "7.8.1.738",
    "1.5.2-recommended": "7.8.1.738",
    "1.6.1-latest": "8.9.0.775",
    "1.6.2-latest": "9.10.1.871",
    "1.6.2-recommended": "9.10.1.871",
    "1.6.3-latest": "9.11.0.878",
    "1.6.4-latest": "9.11.1.1345",
    "1.6.4-recommended": "9.11.1.1345",
    "1.7.2-latest": "10.12.2.1161",
    "1.7.2-recommended": "10.12.2.1161",
    "1.7.10-latest": "10.13.4.1614",
    "1.7.10-recommended": "10.13.4.1614",
    "1.8-latest": "11.14.4.1577",
    "1.8-recommended": "11.14.4.1563",
    "1.8.8-latest": "11.15.0.1655",
    "1.8.9-latest": "11.15.1.2318",
    "1.8.9-recommended": "11.15.1.2318",
    "1.9-latest": "12.16.1.1938",
    "1.9-recommended": "12.16.1.1887",
    "1.9.4-latest": "12.17.0.2317",
    "1.9.4-recommended": "12.17.0.2317",
    "1.10-latest": "12.18.0.2000",
    "1.10.2-latest": "12.18.3.2511",
    "1.10.2-recommended": "12.18.3.2511",
    "1.11-latest": "13.19.1.2199",
    "1.11-recommended": "13.19.1.2189",
    "1.11.2-latest": "13.20.1.2588",
    "1.11.2-recommended": "13.20.1.2588",
    "1.12-latest": "14.21.1.2443",
    "1.12-recommended": "14.21.1.2387",
    "1.12.1-latest": "14.22.1.2485",
    "1.12.1-recommended": "14.22.1.2478",
    "1.12.2-latest": "14.23.5.2864",
    "1.12.2-recommended": "14.23.5.2859",
    "1.13.2-latest": "25.0.223",
    "1.14.2-latest": "26.0.63",
    "1.14.3-latest": "27.0.60",
    "1.14.4-latest": "28.2.30",
    "1.14.4-recommended": "28.2.26",
    "1.15-latest": "29.0.4",
    "1.15.1-latest": "30.0.51",
    "1.15.2-latest": "31.2.62",
    "1.15.2-recommended": "31.2.57",
    "1.16.1-latest": "32.0.108",
    "1.16.2-latest": "33.0.61",
    "1.16.3-latest": "34.1.42",
    "1.16.3-recommended": "34.1.0",
    "1.16.4-latest": "35.1.37",
    "1.16.4-recommended": "35.1.4",
    "1.16.5-latest": "36.2.42",
    "1.16.5-recommended": "36.2.34",
    "1.17.1-latest": "37.1.1",
    "1.17.1-recommended": "37.1.1",
    "1.18-latest": "38.0.17",
    "1.18.1-latest": "39.1.2",
    "1.18.1-recommended": "39.1.0",
    "1.18.2-recommended": "40.3.0",
    "1.18.2-latest": "40.3.12",
    "1.19-latest": "41.1.0",
    "1.19-recommended": "41.1.0",
    "1.19.1-latest": "42.0.9",
    "1.19.2-recommended": "43.5.0",
    "1.19.2-latest": "43.5.2",
    "1.19.3-latest": "44.1.23",
    "1.19.3-recommended": "44.1.0",
    "1.19.4-recommended": "45.4.0",
    "1.19.4-latest": "45.4.5",
    "1.20-latest": "46.0.14",
    "1.20.1-recommended": "47.4.10",
    "1.20.1-latest": "47.4.23",
    "1.20.2-latest": "48.1.0",
    "1.20.2-recommended": "48.1.0",
    "1.20.3-latest": "49.0.2",
    "1.20.4-latest": "49.2.8",
    "1.20.4-recommended": "49.2.0",
    "1.20.6-latest": "50.2.10",
    "1.20.6-recommended": "50.2.0",
    "1.21-latest": "51.0.33",
    "1.21.1-latest": "52.1.16",
    "1.21.1-recommended": "52.1.0",
    "1.21.3-latest": "53.1.12",
    "1.21.3-recommended": "53.1.0",
    "1.21.4-latest": "54.1.18",
    "1.21.4-recommended": "54.1.14",
    "1.21.5-latest": "55.1.13",
    "1.21.5-recommended": "55.1.0",
    "1.21.6-latest": "56.0.9",
    "1.21.7-latest": "57.0.3",
    "1.21.8-latest": "58.1.22",
    "1.21.8-recommended": "58.1.0",
    "1.21.9-latest": "59.0.5",
    "1.21.10-latest": "60.1.15",
    "1.21.10-recommended": "60.1.0",
    "1.21.11-latest": "61.2.1",
    "1.21.11-recommended": "61.2.0",
    "26.1-latest": "62.0.9",
    "26.1.1-latest": "63.0.2",
    "26.1.2-latest": "64.1.3",
    "26.1.2-recommended": "64.1.0",
    "26.2-latest": "65.1.3",
    "26.2-recommended": "65.1.0",
    "26.3-latest": "66.0.3"
  }
}
[23sept.2026 21:13:08.786] [Forge Version Check/INFO] [net.minecraftforge.fml.VersionChecker/]: [forge] Found status: OUTDATED Current: 43.3.0 Target: 43.5.0
[23sept.2026 21:13:12.322] [Render thread/DEBUG] [net.minecraftforge.common.ForgeI18n/CORE]: Loading I18N data entries: 5875
[23sept.2026 21:13:12.362] [Render thread/WARN] [net.minecraft.client.sounds.SoundEngine/]: Missing sound for event: minecraft:item.goat_horn.play
[23sept.2026 21:13:12.364] [Render thread/WARN] [net.minecraft.client.sounds.SoundEngine/]: Missing sound for event: minecraft:entity.goat.screaming.horn_break
[23sept.2026 21:13:12.477] [Render thread/INFO] [com.mojang.blaze3d.audio.Library/]: OpenAL initialized on device ALSA Default
[23sept.2026 21:13:12.482] [Render thread/INFO] [net.minecraft.client.sounds.SoundEngine/SOUNDS]: Sound engine started
[23sept.2026 21:13:12.747] [Render thread/INFO] [net.minecraft.client.renderer.texture.TextureAtlas/]: Created: 1024x512x4 minecraft:textures/atlas/blocks.png-atlas
[23sept.2026 21:13:12.854] [Render thread/INFO] [net.minecraft.client.renderer.texture.TextureAtlas/]: Created: 256x128x4 minecraft:textures/atlas/signs.png-atlas
[23sept.2026 21:13:12.855] [Render thread/INFO] [net.minecraft.client.renderer.texture.TextureAtlas/]: Created: 512x512x4 minecraft:textures/atlas/banner_patterns.png-atlas
[23sept.2026 21:13:12.864] [Render thread/INFO] [net.minecraft.client.renderer.texture.TextureAtlas/]: Created: 512x512x4 minecraft:textures/atlas/shield_patterns.png-atlas
[23sept.2026 21:13:12.870] [Render thread/INFO] [net.minecraft.client.renderer.texture.TextureAtlas/]: Created: 256x256x4 minecraft:textures/atlas/chest.png-atlas
[23sept.2026 21:13:12.871] [Render thread/INFO] [net.minecraft.client.renderer.texture.TextureAtlas/]: Created: 512x256x4 minecraft:textures/atlas/beds.png-atlas
[23sept.2026 21:13:12.873] [Render thread/INFO] [net.minecraft.client.renderer.texture.TextureAtlas/]: Created: 512x256x4 minecraft:textures/atlas/shulker_boxes.png-atlas
[23sept.2026 21:13:14.048] [Render thread/WARN] [net.minecraft.client.renderer.ShaderInstance/]: Shader rendertype_entity_translucent_emissive could not find sampler named Sampler2 in the specified shader program.
[23sept.2026 21:13:14.172] [Render thread/INFO] [net.minecraft.client.renderer.texture.TextureAtlas/]: Created: 256x256x0 minecraft:textures/atlas/particles.png-atlas
[23sept.2026 21:13:14.178] [Render thread/INFO] [net.minecraft.client.renderer.texture.TextureAtlas/]: Created: 256x256x0 minecraft:textures/atlas/paintings.png-atlas
[23sept.2026 21:13:14.181] [Render thread/INFO] [net.minecraft.client.renderer.texture.TextureAtlas/]: Created: 128x128x0 minecraft:textures/atlas/mob_effects.png-atlas
[23sept.2026 21:13:14.594] [Realms Notification Availability checker #1/INFO] [com.mojang.realmsclient.client.RealmsClient/]: Could not authorize you against Realms server: java.lang.RuntimeException: Failed to parse into SignedJWT: 0
[23sept.2026 21:13:23.104] [Render thread/DEBUG] [net.minecraftforge.server.ServerLifecycleHooks/CORE]: Generating PackInfo named mod:cheat for mod file /run/media/satanas/data/codage-new/mods/mc/forge/1.19.2/cheat/build/resources/main
[23sept.2026 21:13:23.105] [Render thread/DEBUG] [net.minecraftforge.server.ServerLifecycleHooks/CORE]: Generating PackInfo named mod:forge for mod file /
[23sept.2026 21:13:25.456] [Render thread/INFO] [net.minecraft.world.item.crafting.RecipeManager/]: Loaded 7 recipes
[23sept.2026 21:13:26.270] [Render thread/INFO] [net.minecraft.advancements.AdvancementList/]: Loaded 1179 advancements
[23sept.2026 21:13:26.824] [Render thread/DEBUG] [net.minecraftforge.common.ForgeHooks/WP]: Gathering id map for writing to world save truc
[23sept.2026 21:13:26.835] [Render thread/DEBUG] [net.minecraftforge.common.ForgeHooks/WP]: ID Map collection complete truc
[23sept.2026 21:13:26.918] [Server thread/INFO] [net.minecraft.client.server.IntegratedServer/]: Starting integrated minecraft server version 1.19.2
[23sept.2026 21:13:26.918] [Server thread/INFO] [net.minecraft.server.MinecraftServer/]: Generating keypair
[23sept.2026 21:13:27.019] [Server thread/DEBUG] [net.minecraftforge.fml.loading.FileUtils/CORE]: Found existing serverconfig directory : ./saves/truc/serverconfig
[23sept.2026 21:13:27.019] [Server thread/DEBUG] [net.minecraftforge.fml.config.ConfigTracker/CONFIG]: Loading configs type SERVER
[23sept.2026 21:13:27.021] [Server thread/DEBUG] [net.minecraftforge.fml.config.ConfigFileTypeHandler/CONFIG]: Built TOML config for ./saves/truc/serverconfig/forge-server.toml
[23sept.2026 21:13:27.075] [Server thread/DEBUG] [net.minecraftforge.fml.config.ConfigFileTypeHandler/CONFIG]: Loaded TOML config file ./saves/truc/serverconfig/forge-server.toml
[23sept.2026 21:13:27.077] [Server thread/DEBUG] [net.minecraftforge.fml.config.ConfigFileTypeHandler/CONFIG]: Watching TOML config file ./saves/truc/serverconfig/forge-server.toml for changes
[23sept.2026 21:13:27.079] [Server thread/DEBUG] [net.minecraftforge.common.ForgeConfig/FORGEMOD]: Loaded forge config file forge-server.toml
[23sept.2026 21:13:27.080] [Thread-0/DEBUG] [net.minecraftforge.fml.config.ConfigFileTypeHandler/CONFIG]: Config file forge-server.toml changed, sending notifies
[23sept.2026 21:13:27.083] [Thread-0/DEBUG] [net.minecraftforge.common.ForgeConfig/FORGEMOD]: Forge config just got changed on the file system!
[23sept.2026 21:13:27.084] [Thread-0/DEBUG] [net.minecraftforge.fml.config.ConfigFileTypeHandler/CONFIG]: Config file forge-server.toml changed, sending notifies
[23sept.2026 21:13:27.086] [Thread-0/DEBUG] [net.minecraftforge.common.ForgeConfig/FORGEMOD]: Forge config just got changed on the file system!
[23sept.2026 21:13:27.533] [Server thread/INFO] [net.minecraft.server.MinecraftServer/]: Preparing start region for dimension minecraft:overworld
[23sept.2026 21:13:31.156] [Render thread/INFO] [net.minecraft.server.level.progress.LoggerChunkProgressListener/]: Preparing spawn area: 0%
[23sept.2026 21:13:31.349] [Render thread/INFO] [net.minecraft.server.level.progress.LoggerChunkProgressListener/]: Preparing spawn area: 0%
[23sept.2026 21:13:31.351] [Render thread/INFO] [net.minecraft.server.level.progress.LoggerChunkProgressListener/]: Preparing spawn area: 0%
[23sept.2026 21:13:31.359] [Render thread/INFO] [net.minecraft.server.level.progress.LoggerChunkProgressListener/]: Preparing spawn area: 0%
[23sept.2026 21:13:31.377] [Render thread/INFO] [net.minecraft.server.level.progress.LoggerChunkProgressListener/]: Preparing spawn area: 0%
[23sept.2026 21:13:31.388] [Render thread/INFO] [net.minecraft.server.level.progress.LoggerChunkProgressListener/]: Preparing spawn area: 0%
[23sept.2026 21:13:31.390] [Render thread/INFO] [net.minecraft.server.level.progress.LoggerChunkProgressListener/]: Preparing spawn area: 0%
[23sept.2026 21:13:31.392] [Render thread/INFO] [net.minecraft.server.level.progress.LoggerChunkProgressListener/]: Preparing spawn area: 0%
[23sept.2026 21:13:31.560] [Render thread/INFO] [net.minecraft.server.level.progress.LoggerChunkProgressListener/]: Preparing spawn area: 0%
[23sept.2026 21:13:32.053] [Render thread/INFO] [net.minecraft.server.level.progress.LoggerChunkProgressListener/]: Preparing spawn area: 0%
[23sept.2026 21:13:32.585] [Render thread/INFO] [net.minecraft.server.level.progress.LoggerChunkProgressListener/]: Preparing spawn area: 0%
[23sept.2026 21:13:33.065] [Render thread/INFO] [net.minecraft.server.level.progress.LoggerChunkProgressListener/]: Preparing spawn area: 0%
[23sept.2026 21:13:33.578] [Render thread/INFO] [net.minecraft.server.level.progress.LoggerChunkProgressListener/]: Preparing spawn area: 0%
[23sept.2026 21:13:34.059] [Render thread/INFO] [net.minecraft.server.level.progress.LoggerChunkProgressListener/]: Preparing spawn area: 0%
[23sept.2026 21:13:34.595] [Render thread/INFO] [net.minecraft.server.level.progress.LoggerChunkProgressListener/]: Preparing spawn area: 1%
[23sept.2026 21:13:35.078] [Render thread/INFO] [net.minecraft.server.level.progress.LoggerChunkProgressListener/]: Preparing spawn area: 4%
[23sept.2026 21:13:35.570] [Render thread/INFO] [net.minecraft.server.level.progress.LoggerChunkProgressListener/]: Preparing spawn area: 15%
[23sept.2026 21:13:36.056] [Render thread/INFO] [net.minecraft.server.level.progress.LoggerChunkProgressListener/]: Preparing spawn area: 68%
[23sept.2026 21:13:37.035] [Server thread/INFO] [net.minecraftforge.server.permission.PermissionAPI/]: Successfully initialized permission handler forge:default_handler
[23sept.2026 21:13:37.049] [Render thread/INFO] [net.minecraft.server.level.progress.LoggerChunkProgressListener/]: Time elapsed: 9509 ms
[23sept.2026 21:13:37.275] [Server thread/INFO] [net.minecraft.client.server.IntegratedServer/]: Changing view distance to 12, from 10
[23sept.2026 21:13:37.280] [Server thread/INFO] [net.minecraft.client.server.IntegratedServer/]: Changing simulation distance to 12, from 0
[23sept.2026 21:13:37.496] [Render thread/DEBUG] [io.netty.channel.MultithreadEventLoopGroup/]: -Dio.netty.eventLoopThreads: 8
[23sept.2026 21:13:37.546] [Render thread/DEBUG] [io.netty.util.internal.InternalThreadLocalMap/]: -Dio.netty.threadLocalMap.stringBuilder.initialSize: 1024
[23sept.2026 21:13:37.548] [Render thread/DEBUG] [io.netty.util.internal.InternalThreadLocalMap/]: -Dio.netty.threadLocalMap.stringBuilder.maxSize: 4096
[23sept.2026 21:13:37.565] [Render thread/DEBUG] [io.netty.channel.nio.NioEventLoop/]: -Dio.netty.noKeySetOptimization: false
[23sept.2026 21:13:37.567] [Render thread/DEBUG] [io.netty.channel.nio.NioEventLoop/]: -Dio.netty.selectorAutoRebuildThreshold: 512
[23sept.2026 21:13:37.582] [Render thread/DEBUG] [io.netty.util.internal.PlatformDependent/]: org.jctools-core.MpscChunkedArrayQueue: available
[23sept.2026 21:13:37.614] [Render thread/DEBUG] [io.netty.channel.DefaultChannelId/]: -Dio.netty.processId: 84746 (auto-detected)
[23sept.2026 21:13:37.620] [Render thread/WARN] [io.netty.util.internal.SystemPropertyUtil/]: Unable to parse the boolean system property 'java.net.preferIPv6Addresses':system - using the default value: false
[23sept.2026 21:13:37.621] [Render thread/DEBUG] [io.netty.util.NetUtil/]: -Djava.net.preferIPv4Stack: false
[23sept.2026 21:13:37.622] [Render thread/DEBUG] [io.netty.util.NetUtil/]: -Djava.net.preferIPv6Addresses: false
[23sept.2026 21:13:37.626] [Render thread/DEBUG] [io.netty.util.NetUtilInitializations/]: Loopback interface: lo (lo, 0:0:0:0:0:0:0:1%lo)
[23sept.2026 21:13:37.631] [Render thread/DEBUG] [io.netty.util.NetUtil/]: /proc/sys/net/core/somaxconn: 4096
[23sept.2026 21:13:37.632] [Render thread/DEBUG] [io.netty.channel.DefaultChannelId/]: -Dio.netty.machineId: d4:6d:6d:ff:fe:f7:95:2c (auto-detected)
[23sept.2026 21:13:37.757] [Render thread/DEBUG] [io.netty.buffer.PooledByteBufAllocator/]: -Dio.netty.allocator.numHeapArenas: 8
[23sept.2026 21:13:37.759] [Render thread/DEBUG] [io.netty.buffer.PooledByteBufAllocator/]: -Dio.netty.allocator.numDirectArenas: 8
[23sept.2026 21:13:37.759] [Render thread/DEBUG] [io.netty.buffer.PooledByteBufAllocator/]: -Dio.netty.allocator.pageSize: 8192
[23sept.2026 21:13:37.760] [Render thread/DEBUG] [io.netty.buffer.PooledByteBufAllocator/]: -Dio.netty.allocator.maxOrder: 9
[23sept.2026 21:13:37.761] [Render thread/DEBUG] [io.netty.buffer.PooledByteBufAllocator/]: -Dio.netty.allocator.chunkSize: 4194304
[23sept.2026 21:13:37.761] [Render thread/DEBUG] [io.netty.buffer.PooledByteBufAllocator/]: -Dio.netty.allocator.smallCacheSize: 256
[23sept.2026 21:13:37.761] [Render thread/DEBUG] [io.netty.buffer.PooledByteBufAllocator/]: -Dio.netty.allocator.normalCacheSize: 64
[23sept.2026 21:13:37.761] [Render thread/DEBUG] [io.netty.buffer.PooledByteBufAllocator/]: -Dio.netty.allocator.maxCachedBufferCapacity: 32768
[23sept.2026 21:13:37.761] [Render thread/DEBUG] [io.netty.buffer.PooledByteBufAllocator/]: -Dio.netty.allocator.cacheTrimInterval: 8192
[23sept.2026 21:13:37.762] [Render thread/DEBUG] [io.netty.buffer.PooledByteBufAllocator/]: -Dio.netty.allocator.cacheTrimIntervalMillis: 0
[23sept.2026 21:13:37.762] [Render thread/DEBUG] [io.netty.buffer.PooledByteBufAllocator/]: -Dio.netty.allocator.useCacheForAllThreads: false
[23sept.2026 21:13:37.762] [Render thread/DEBUG] [io.netty.buffer.PooledByteBufAllocator/]: -Dio.netty.allocator.maxCachedByteBuffersPerChunk: 1023
[23sept.2026 21:13:37.807] [Render thread/DEBUG] [io.netty.buffer.ByteBufUtil/]: -Dio.netty.allocator.type: pooled
[23sept.2026 21:13:37.809] [Render thread/DEBUG] [io.netty.buffer.ByteBufUtil/]: -Dio.netty.threadLocalDirectBufferSize: 0
[23sept.2026 21:13:37.809] [Render thread/DEBUG] [io.netty.buffer.ByteBufUtil/]: -Dio.netty.maxThreadLocalCharBufferSize: 16384
[23sept.2026 21:13:37.917] [Netty Local Client IO #0/DEBUG] [net.minecraftforge.network.HandshakeHandler/FMLHANDSHAKE]: Starting local connection.
[23sept.2026 21:13:38.275] [Netty Local Client IO #0/DEBUG] [io.netty.util.Recycler/]: -Dio.netty.recycler.maxCapacityPerThread: 4096
[23sept.2026 21:13:38.277] [Netty Local Client IO #0/DEBUG] [io.netty.util.Recycler/]: -Dio.netty.recycler.ratio: 8
[23sept.2026 21:13:38.277] [Netty Local Client IO #0/DEBUG] [io.netty.util.Recycler/]: -Dio.netty.recycler.chunkSize: 32
[23sept.2026 21:13:38.278] [Netty Local Client IO #0/DEBUG] [io.netty.util.Recycler/]: -Dio.netty.recycler.blocking: false
[23sept.2026 21:13:38.333] [Netty Server IO #1/DEBUG] [io.netty.buffer.AbstractByteBuf/]: -Dio.netty.buffer.checkAccessible: true
[23sept.2026 21:13:38.335] [Netty Server IO #1/DEBUG] [io.netty.buffer.AbstractByteBuf/]: -Dio.netty.buffer.checkBounds: true
[23sept.2026 21:13:38.341] [Netty Server IO #1/DEBUG] [io.netty.util.ResourceLeakDetectorFactory/]: Loaded default ResourceLeakDetector: io.netty.util.ResourceLeakDetector@67678e5a
[23sept.2026 21:13:38.366] [Netty Server IO #1/DEBUG] [net.minecraftforge.network.HandshakeHandler/FMLHANDSHAKE]: Starting local connection.
[23sept.2026 21:13:38.399] [Server thread/DEBUG] [net.minecraftforge.network.HandshakeHandler/FMLHANDSHAKE]: Sending ticking packet info 'net.minecraftforge.network.HandshakeMessages$S2CModData' to 'fml:handshake' sequence 0
[23sept.2026 21:13:38.419] [Netty Local Client IO #0/DEBUG] [net.minecraftforge.network.LoginWrapper/FMLHANDSHAKE]: Recieved login wrapper packet event for channel fml:handshake with index 0
[23sept.2026 21:13:38.474] [Server thread/DEBUG] [net.minecraftforge.network.HandshakeHandler/FMLHANDSHAKE]: Sending ticking packet info 'net.minecraftforge.network.HandshakeMessages$S2CModList' to 'fml:handshake' sequence 1
[23sept.2026 21:13:38.477] [Netty Local Client IO #0/DEBUG] [net.minecraftforge.network.LoginWrapper/FMLHANDSHAKE]: Recieved login wrapper packet event for channel fml:handshake with index 1
[23sept.2026 21:13:38.480] [Netty Local Client IO #0/DEBUG] [net.minecraftforge.network.HandshakeHandler/FMLHANDSHAKE]: Logging into server with mod list [cheat, minecraft, forge]
[23sept.2026 21:13:38.484] [Netty Local Client IO #0/DEBUG] [net.minecraftforge.network.NetworkRegistry/NETREGISTRY]: Channel 'fml:loginwrapper' : Version test of 'FML3' from server : ACCEPTED
[23sept.2026 21:13:38.485] [Netty Local Client IO #0/DEBUG] [net.minecraftforge.network.NetworkRegistry/NETREGISTRY]: Channel 'forge:tier_sorting' : Version test of '1.0' from server : ACCEPTED
[23sept.2026 21:13:38.489] [Netty Local Client IO #0/DEBUG] [net.minecraftforge.network.NetworkRegistry/NETREGISTRY]: Channel 'fml:handshake' : Version test of 'FML3' from server : ACCEPTED
[23sept.2026 21:13:38.492] [Netty Local Client IO #0/DEBUG] [net.minecraftforge.network.NetworkRegistry/NETREGISTRY]: Channel 'minecraft:unregister' : Version test of 'FML3' from server : ACCEPTED
[23sept.2026 21:13:38.493] [Netty Local Client IO #0/DEBUG] [net.minecraftforge.network.NetworkRegistry/NETREGISTRY]: Channel 'fml:play' : Version test of 'FML3' from server : ACCEPTED
[23sept.2026 21:13:38.493] [Netty Local Client IO #0/DEBUG] [net.minecraftforge.network.NetworkRegistry/NETREGISTRY]: Channel 'minecraft:register' : Version test of 'FML3' from server : ACCEPTED
[23sept.2026 21:13:38.493] [Netty Local Client IO #0/DEBUG] [net.minecraftforge.network.NetworkRegistry/NETREGISTRY]: Channel 'forge:split' : Version test of '1.1' from server : ACCEPTED
[23sept.2026 21:13:38.493] [Netty Local Client IO #0/DEBUG] [net.minecraftforge.network.NetworkRegistry/NETREGISTRY]: Accepting channel list from server
[23sept.2026 21:13:38.494] [Netty Local Client IO #0/DEBUG] [net.minecraftforge.network.LoginWrapper/FMLHANDSHAKE]: Dispatching wrapped packet reply for channel fml:handshake with index 1
[23sept.2026 21:13:38.498] [Netty Server IO #1/DEBUG] [net.minecraftforge.network.LoginWrapper/FMLHANDSHAKE]: Recieved login wrapper packet event for channel fml:handshake with index 1
[23sept.2026 21:13:38.498] [Netty Local Client IO #0/DEBUG] [net.minecraftforge.network.HandshakeHandler/FMLHANDSHAKE]: Accepted server connection
[23sept.2026 21:13:38.499] [Netty Server IO #1/DEBUG] [net.minecraftforge.network.HandshakeHandler/FMLHANDSHAKE]: Received client indexed reply 1 of type net.minecraftforge.network.HandshakeMessages$C2SModListReply
[23sept.2026 21:13:38.500] [Netty Server IO #1/DEBUG] [net.minecraftforge.network.HandshakeHandler/FMLHANDSHAKE]: Received client connection with modlist [cheat, minecraft, forge]
[23sept.2026 21:13:38.507] [Netty Server IO #1/DEBUG] [net.minecraftforge.network.NetworkRegistry/NETREGISTRY]: Channel 'fml:loginwrapper' : Version test of 'FML3' from client : ACCEPTED
[23sept.2026 21:13:38.508] [Netty Server IO #1/DEBUG] [net.minecraftforge.network.NetworkRegistry/NETREGISTRY]: Channel 'forge:tier_sorting' : Version test of '1.0' from client : ACCEPTED
[23sept.2026 21:13:38.509] [Netty Server IO #1/DEBUG] [net.minecraftforge.network.NetworkRegistry/NETREGISTRY]: Channel 'fml:handshake' : Version test of 'FML3' from client : ACCEPTED
[23sept.2026 21:13:38.509] [Netty Server IO #1/DEBUG] [net.minecraftforge.network.NetworkRegistry/NETREGISTRY]: Channel 'minecraft:unregister' : Version test of 'FML3' from client : ACCEPTED
[23sept.2026 21:13:38.509] [Netty Server IO #1/DEBUG] [net.minecraftforge.network.NetworkRegistry/NETREGISTRY]: Channel 'fml:play' : Version test of 'FML3' from client : ACCEPTED
[23sept.2026 21:13:38.511] [Netty Server IO #1/DEBUG] [net.minecraftforge.network.NetworkRegistry/NETREGISTRY]: Channel 'minecraft:register' : Version test of 'FML3' from client : ACCEPTED
[23sept.2026 21:13:38.512] [Netty Server IO #1/DEBUG] [net.minecraftforge.network.NetworkRegistry/NETREGISTRY]: Channel 'forge:split' : Version test of '1.1' from client : ACCEPTED
[23sept.2026 21:13:38.512] [Netty Server IO #1/DEBUG] [net.minecraftforge.network.NetworkRegistry/NETREGISTRY]: Accepting channel list from client
[23sept.2026 21:13:38.513] [Netty Server IO #1/DEBUG] [net.minecraftforge.network.HandshakeHandler/FMLHANDSHAKE]: Accepted client connection mod list
[23sept.2026 21:13:38.543] [Server thread/DEBUG] [net.minecraftforge.network.HandshakeHandler/FMLHANDSHAKE]: Sending ticking packet info 'Config forge-server.toml' to 'fml:handshake' sequence 2
[23sept.2026 21:13:38.543] [Netty Local Client IO #0/DEBUG] [net.minecraftforge.network.LoginWrapper/FMLHANDSHAKE]: Recieved login wrapper packet event for channel fml:handshake with index 2
[23sept.2026 21:13:38.544] [Netty Local Client IO #0/DEBUG] [net.minecraftforge.network.HandshakeHandler/FMLHANDSHAKE]: Received config sync from server
[23sept.2026 21:13:38.548] [Netty Local Client IO #0/DEBUG] [net.minecraftforge.network.LoginWrapper/FMLHANDSHAKE]: Dispatching wrapped packet reply for channel fml:handshake with index 2
[23sept.2026 21:13:38.550] [Netty Server IO #1/DEBUG] [net.minecraftforge.network.LoginWrapper/FMLHANDSHAKE]: Recieved login wrapper packet event for channel fml:handshake with index 2
[23sept.2026 21:13:38.552] [Netty Server IO #1/DEBUG] [net.minecraftforge.network.HandshakeHandler/FMLHANDSHAKE]: Received client indexed reply 2 of type net.minecraftforge.network.HandshakeMessages$C2SAcknowledge
[23sept.2026 21:13:38.553] [Netty Server IO #1/DEBUG] [net.minecraftforge.network.HandshakeHandler/FMLHANDSHAKE]: Received acknowledgement from client
[23sept.2026 21:13:38.614] [Server thread/DEBUG] [net.minecraftforge.network.HandshakeHandler/FMLHANDSHAKE]: Handshake complete!
[23sept.2026 21:13:38.687] [Netty Local Client IO #0/INFO] [net.minecraftforge.network.NetworkHooks/]: Connected to a modded server.
[23sept.2026 21:13:38.877] [Server thread/INFO] [net.minecraftforge.common.AdvancementLoadFix/]: Using new advancement loading for net.minecraft.server.PlayerAdvancements@71d6f121
[23sept.2026 21:13:38.938] [Server thread/INFO] [net.minecraft.server.players.PlayerList/]: Dev[local:E:81a4776b] logged in with entity id 183 at (143.25651870496182, 70.5, 73.95681629290144)
[23sept.2026 21:13:39.074] [Server thread/INFO] [net.minecraft.server.MinecraftServer/]: Dev joined the game
[23sept.2026 21:13:39.972] [Server thread/WARN] [net.minecraft.server.MinecraftServer/]: Can't keep up! Is the server overloaded? Running 2353ms or 47 ticks behind
[23sept.2026 21:13:40.045] [Server thread/DEBUG] [io.netty.util.internal.ThreadLocalRandom/]: -Dio.netty.initialSeedUniquifier: 0xd2557dcd25b05a7a
[23sept.2026 21:13:42.491] [Render thread/INFO] [net.minecraft.advancements.AdvancementList/]: Loaded 141 advancements
[23sept.2026 21:14:38.473] [Render thread/INFO] [net.minecraft.advancements.AdvancementList/]: Loaded 148 advancements
[23sept.2026 21:15:04.321] [Server thread/INFO] [net.minecraft.client.server.IntegratedServer/]: Saving and pausing game...
[23sept.2026 21:15:04.487] [Server thread/INFO] [net.minecraft.server.MinecraftServer/]: Saving chunks for level 'ServerLevel[truc]'/minecraft:overworld
[23sept.2026 21:15:04.554] [Server thread/INFO] [net.minecraft.server.MinecraftServer/]: Saving chunks for level 'ServerLevel[truc]'/minecraft:the_nether
[23sept.2026 21:15:04.559] [Server thread/INFO] [net.minecraft.server.MinecraftServer/]: Saving chunks for level 'ServerLevel[truc]'/minecraft:the_end
[23sept.2026 21:15:04.564] [Server thread/DEBUG] [net.minecraftforge.common.ForgeHooks/WP]: Gathering id map for writing to world save truc
[23sept.2026 21:15:04.570] [Server thread/DEBUG] [net.minecraftforge.common.ForgeHooks/WP]: ID Map collection complete truc
[23sept.2026 21:15:05.128] [Server thread/INFO] [net.minecraft.server.network.ServerGamePacketListenerImpl/]: Dev lost connection: Disconnected
[23sept.2026 21:15:05.128] [Server thread/INFO] [net.minecraft.server.MinecraftServer/]: Dev left the game
[23sept.2026 21:15:05.641] [Server thread/INFO] [net.minecraft.server.network.ServerGamePacketListenerImpl/]: Stopping singleplayer server as player logged out
[23sept.2026 21:15:05.666] [Server thread/INFO] [net.minecraft.server.MinecraftServer/]: Stopping server
[23sept.2026 21:15:05.667] [Server thread/INFO] [net.minecraft.server.MinecraftServer/]: Saving players
[23sept.2026 21:15:05.668] [Server thread/INFO] [net.minecraft.server.MinecraftServer/]: Saving worlds
[23sept.2026 21:15:08.278] [Server thread/INFO] [net.minecraft.server.MinecraftServer/]: Saving chunks for level 'ServerLevel[truc]'/minecraft:overworld
